no,?⑥뼱,???깃툒,蹂??,蹂??,,,,,
1,a,?섎굹??珥덈벑,,,,,,,
2,abandon,踰꾨━??以묎퀬,,,,,,,
3,able,?????덈뒗,以묎퀬,,,,,,
4,aboard,諛곕줈,以묎퀬,,,,,,
5,abort,?좎궛?섎떎,?꾨Ц,,,,,,
6,about,-????섏뿬,珥덈벑,,,,,,
7,above,-蹂대떎 ?꾩뿉,珥덈벑,,,,,,
8,abroad,?멸뎅?쇰줈,以묎퀬,,,,,,
9,absent,遺?ъ쓽,以묎퀬,,,,,,
10,absolute,?덈???以묎퀬,,,,,,,
11,absorb,?≪닔?섎떎,以묎퀬,,,,,,
12,abstract,異붿긽?곸씤,以묎퀬,,,,,,
13,absurd,遺덊빀由ы븳,?꾨Ц,,,,,,
14,abundant,?띾???以묎퀬,,,,,,,
15,abuse,?⑥슜,以묎퀬,,,,,,
16,academy,?숈닠??珥덈벑,,,,,,,
17,accelerate,媛?랁븯???띾룄媛 媛?댁???以묎퀬,,,,,,,
18,accent,?≪꽱??珥덈벑,,,,,,,
19,accept,諛쏆븘?ㅼ씠??以묎퀬,,,,,,,
20,access,?묎렐,以묎퀬,,,,,,
21,accident,?삳컰???ш굔,珥덈벑,,,,,,
22,accommodate,?섏슜?섎떎,以묎퀬,,,,,,
23,accompany,?숇컲?섎떎,以묎퀬,,,,,,
24,accomplish,?대（??以묎퀬,,,,,,,
25,accord,?쇱튂?섎떎,?꾨Ц,,,,,,
26,account,?ㅻ챸?섎떎 怨꾩궛,以묎퀬,,,,,,
27,accumulate,異뺤쟻?섎떎,?꾨Ц,,,,,,
28,accurate,?뺥솗??以묎퀬,,,,,,,
29,accuse,怨좊컻?섎떎,以묎퀬,,,,,,
30,achieve,?깆랬?섎떎,以묎퀬,,,,,,
31,acid,????以묎퀬,,,,,,,
32,acknowledge,?몄젙?섎떎,以묎퀬,,,,,,
33,acquaint,?뚮━???꾨Ц,,,,,,,
34,acquire,?삳떎,以묎퀬,,,,,,
35,acquisition,?띾뱷,?꾨Ц,,,,,,
36,across,媛濡쒖쭏??珥덈벑,,,,,,,
37,act,vi?됰룞?섎떎,珥덈벑,,,,,,
38,activate,?쒕룞?곸쑝濡??섎떎,以묎퀬,,,,,,
39,actual,?꾩떎??以묎퀬,,,,,,,
40,acute,?좎뭅濡쒖슫,以묎퀬,,,,,,
41,adapt,?곸슜?쒗궎??以묎퀬,,,,,,,
42,add,異붽??섎떎,珥덈벑,,,,,,
43,addict,?댁쨷?섍쾶 ?섎떎,以묎퀬,,,,,,
44,address,留먯쓣 嫄몃떎,珥덈벑,,,,,,
45,adequate,異⑸텇??以묎퀬,,,,,,,
46,adjust,留욎텛??以묎퀬,,,,,,,
47,administer,愿由ы븯??以묎퀬,,,,,,,
48,admire,媛먮났?섎떎,以묎퀬,,,,,,
49,admission,?낆옣,以묎퀬,,,,,,
50,admit,諛쏆븘?ㅼ씠??以묎퀬,,,,,,,
51,adolescent,泥?뀈湲곗쓽,以묎퀬,,,,,,
52,adopt,梨꾩슜?섎떎,以묎퀬,,,,,,
53,adult,?깆씤,珥덈벑,,,,,,
54,advance,?섏븘媛??以묎퀬,,,,,,,
55,advantage,?좊━???낆옣,以묎퀬,,,,,,
56,adventure,紐⑦뿕 紐⑦뿕?섎떎,珥덈벑,,,,,,
57,adverse,嫄곌씀濡쒖쓽,?꾨Ц,,,,,,
58,advertize,愿묎퀬?섎떎,以묎퀬,advertise,,,,,
59,advise,異⑷퀬?섎떎,珥덈벑,,,,,,
60,advocate,蹂?몄궗,以묎퀬,,,,,,
61,aesthetic,誘몄쟻???꾨Ц,,,,,,,
62,affair,??以묎퀬,,,,,,,
63,affect,?곹뼢??二쇰떎,以묎퀬,,,,,,
64,affection,?좎젙,以묎퀬,,,,,,
65,affiliate,?뚯썝?쇰줈 媛?낆떆?ㅻ떎,?꾨Ц,,,,,,
66,afford,?ъ쑀媛 ?덈떎,以묎퀬,,,,,,
67,afraid,?먮젮?뚰븯??珥덈벑,,,,,,,
68,after,?꾩뿉,珥덈벑,,,,,,
69,afternoon,?ㅽ썑,珥덈벑,,,,,,
70,again,?ㅼ떆,珥덈벑,,,,,,
71,against,??뿉 諛섎??섏뿬,珥덈벑,,,,,,
72,age,?곕졊,珥덈벑,,,,,,
73,agency,湲곕뒫,以묎퀬,,,,,,
74,agenda,?덇굔,以묎퀬,,,,,,
75,agent,?由ъ씤,以묎퀬,,,,,,
76,aggressive,移⑤왂?곸씤,以묎퀬,,,,,,
77,ago,?댁쟾??珥덈벑,,,,,,,
78,agree,?숈쓽?섎떎,珥덈벑,,,,,,
79,agriculture,?띿뾽,以묎퀬,,,,,,
80,ahead,?꾨갑??珥덈벑,,,,,,,
81,aid,?꾩? 二쇰떎,以묎퀬,,,,,,
82,aim,寃⑤늻??以묎퀬,,,,,,,
83,air,怨듦린,珥덈벑,,,,,,
84,airplane,鍮꾪뻾湲?珥덈벑,plane,aeroplane,,,,,
85,aircraft,??났湲?以묎퀬,,,,,,,
86,airline,?뺢린??났,珥덈벑,,,,,,
87,airport,怨듯빆,珥덈벑,,,,,,
88,aisle,痢〓㈃蹂듬룄,以묎퀬,,,,,,
89,alert,鍮덊땲?녿뒗,以묎퀬,,,,,,
90,alien,?멸뎅??以묎퀬,,,,,,,
91,alike,鍮꾩듂??以묎퀬,,,,,,,
92,alive,?댁븘?덈뒗,以묎퀬,,,,,,
93,all,紐⑤뱺,珥덈벑,,,,,,
94,allocate,?좊떦?섎떎,?꾨Ц,,,,,,
95,allow,?덈씫?섎떎,以묎퀬,,,,,,
96,ally,?숇㏏?섎떎,以묎퀬,,,,,,
97,almost,嫄곗쓽,珥덈벑,,,,,,
98,alone,?ㅻ쭔 ?濡??쇱옄??,珥덈벑,,,,,,
99,along,-???곕씪,珥덈벑,,,,,,
100,alongside,-??怨곸뿉,以묎퀬,,,,,,
101,aloud,???뚮━濡?珥덈벑,,,,,,,
102,already,?대?,珥덈벑,,,,,,
103,alright,?뷀븷?섏쐞?놁씠,珥덈벑,,,,,,
104,also,-???먰븳,珥덈벑,,,,,,
105,alter,諛붽씀??以묎퀬,,,,,,,
106,alternative,?대뒓 ?쒖そ???묒옄?앹씪,以묎퀬,,,,,,
107,although,鍮꾨줉 -?쇱??쇰룄,以묎퀬,,,,,,
108,altogether,?꾪?,以묎퀬,,,,,,
109,always,??珥덈벑,,,,,,,
110,A.M.,?ㅼ쟾,珥덈벑,a.m.,,,,,
111,amaze,源쒖쭩 ??쇨쾶 ?섎떎,以묎퀬,,,,,,
112,ambassador,???以묎퀬,,,,,,,
113,ambition,?쇱떖,以묎퀬,,,,,,
114,among,#NAME?,以묎퀬,,,,,,
115,amount,(湲덉븸??-???섎떎,以묎퀬,,,,,,
116,amplify,?뺣??섎떎,?꾨Ц,,,,,,
117,amuse,?щ??섍쾶 ?섎떎,以묎퀬,,,,,,
118,analyze,遺꾪빐?섎떎,以묎퀬,analyse,,,,,
119,anchor,??以묎퀬,,,,,,,
120,ancient,?쏅궇??以묎퀬,,,,,,,
121,and,諛?珥덈벑,,,,,,,
122,angel,泥쒖궗,珥덈벑,,,,,,
123,anger,??珥덈벑,,,,,,,
124,angle,媛?以묎퀬,,,,,,,
125,animal,?숇Ъ,珥덈벑,,,,,,
126,anniversary,湲곕뀗???덈뀈??以묎퀬,,,,,,,
127,announce,?뚮━??以묎퀬,,,,,,,
128,annoy,洹李?쾶?섎떎,以묎퀬,,,,,,
129,annual,?쇰뀈??以묎퀬,,,,,,,
130,another,???섎굹,珥덈벑,,,,,,
131,answer,???珥덈벑,,,,,,,
132,ant,媛쒕?,珥덈벑,,,,,,
133,anticipate,?덇린?섎떎,以묎퀬,,,,,,
134,anxiety,洹쇱떖,以묎퀬,,,,,,
135,anxious,嫄깆젙?섎뒗,以묎퀬,,,,,,
136,any,?대뼡,珥덈벑,,,,,,
137,apart,?⑥뼱?몄꽌,以묎퀬,,,,,,
138,apology,?ш낵,以묎퀬,,,,,,
139,apparent,紐낅갚??以묎퀬,,,,,,,
140,appeal,媛꾩껌?섎떎,以묎퀬,,,,,,
141,appear,?섑??섎떎,以묎퀬,,,,,,
142,apple,?ш낵,珥덈벑,,,,,,
143,applicant,吏?먯옄,以묎퀬,,,,,,
144,apply,(臾쇨굔?????以묎퀬,,,,,,,
145,appoint,吏?뺥븯??以묎퀬,,,,,,,
146,appreciate,媛먯긽?섎떎,以묎퀬,,,,,,
147,approach,?ㅺ?媛??以묎퀬,,,,,,,
148,appropriate,?곷떦??以묎퀬,,,,,,,
149,approve,?쒖씤?섎떎,以묎퀬,,,,,,
150,approximate,?대┝?덉쓽,以묎퀬,,,,,,
151,architect,嫄댁텞媛,以묎퀬,,,,,,
152,architecture,嫄댁텞,以묎퀬,,,,,,
153,archive,湲곕줉蹂닿????꾨Ц,,,,,,,
154,area,硫댁쟻,珥덈벑,,,,,,
155,argue,?쇳븯??以묎퀬,,,,,,,
156,arise,?앷린??以묎퀬,,,,,,,
157,arm,??珥덈벑,,,,,,,
158,army,?↔뎔,以묎퀬,,,,,,
159,around,?щ갑??珥덈벑,,,,,,,
160,arrange,媛吏?고엳 ?섎떎,以묎퀬,,,,,,
161,arrest,泥댄룷?섎떎,以묎퀬,,,,,,
162,arrive,?꾩갑?섎떎,珥덈벑,,,,,,
163,arrow,?붿궡,以묎퀬,,,,,,
164,art,?덉닠,珥덈벑,,,,,,
165,article,臾쇳뭹,以묎퀬,,,,,,
166,artificial,?멸났??以묎퀬,,,,,,,
167,as,-? 媛숈? ?뺣룄濡?珥덈벑,,,,,,,
168,ash,??以묎퀬,,,,,,,
169,aside,怨곸뿉,以묎퀬,,,,,,
170,ask,臾삳떎,珥덈벑,,,,,,
171,asleep,?좊뱾?,以묎퀬,,,,,,
172,aspect,愿??以묎퀬,,,,,,,
173,aspire,?대쭩?섎떎,以묎퀬,,,,,,
174,assault,?듦꺽,?꾨Ц,,,,,,
175,assemble,紐⑥쑝??以묎퀬,,,,,,,
176,assert,?⑥뼵?섎떎,以묎퀬,,,,,,
177,assess,(?멸툑 ?깆쓣)?ъ젙?섎떎,以묎퀬,,,,,,
178,asset,?먯궛,以묎퀬,,,,,,
179,assign,?좊떦?섎떎,以묎퀬,,,,,,
180,assist,?뺣떎,以묎퀬,,,,,,
181,associate,?곗긽?섎떎,以묎퀬,,,,,,
182,assume,痍⑦븯??以묎퀬,,,,,,,
183,assure,蹂댁쬆?섎떎,以묎퀬,,,,,,
184,astonish,??쇨쾶 ?섎떎,以묎퀬,,,,,,
185,at,-?먯꽌,珥덈벑,,,,,,
186,athlete,?대룞媛,以묎퀬,,,,,,
187,atmosphere,?湲?以묎퀬,,,,,,,
188,atom,?먯옄,以묎퀬,,,,,,
189,attach,遺숈씠??以묎퀬,,,,,,,
190,attack,怨듦꺽?섎떎,以묎퀬,,,,,,
191,attain,?대Ⅴ??以묎퀬,,,,,,,
192,attempt,?쒕룄?섎떎,以묎퀬,,,,,,
193,attend,異쒖꽍?섎떎,以묎퀬,,,,,,
194,attention,二쇱쓽,以묎퀬,,,,,,
195,attitude,?쒕룄,以묎퀬,,,,,,
196,attorney,蹂?몄궗,?꾨Ц,,,,,,
197,attract,?뚯뼱 ?밴린??以묎퀬,,,,,,,
198,attribute,?띿꽦,以묎퀬,,,,,,
199,auction,寃쎈ℓ,以묎퀬,,,,,,
200,audience,泥?쨷,以묎퀬,,,,,,
201,aunt,?꾩＜癒몃땲,珥덈벑,,,,,,
202,authentic,吏꾩쭨???꾨Ц,,,,,,,
203,author,???以묎퀬,,,,,,,
204,autobiography,?먯꽌??以묎퀬,,,,,,,
205,automatic,?먮룞??以묎퀬,,,,,,,
206,automobile,?먮룞李??먮룞李⑥쓽,以묎퀬,,,,,,
207,available,?몃え?덈뒗,以묎퀬,,,,,,
208,avenue,媛濡쒖닔湲?以묎퀬,,,,,,,
209,average,?됯퇏,以묎퀬,,,,,,
210,avoid,?쇳븯??以묎퀬,,,,,,,
211,await,湲곕떎由щ떎,以묎퀬,,,,,,
212,awake,源⑥슦??以묎퀬,,,,,,,
213,award,??以묎퀬,,,,,,,
214,aware,?뚭퀬 ?덈뒗,以묎퀬,,,,,,
215,away,?⑥뼱?몄꽌,珥덈벑,,,,,,
216,awesome,臾댁꽌??以묎퀬,,,,,,,
217,awful,?먮젮??以묎퀬,,,,,,,
218,awkward,?댁깋??以묎퀬,,,,,,,
219,baby,"媛볥궃?꾩씠, 留됰궡   愿?ъ궗, 怨⑥튂?꾪뵂 ??",珥덈벑,,,,,,
220,back,??珥덈벑,,,,,,,
221,background,諛곌꼍,珥덈벑,,,,,,
222,bad,?섏걶,珥덈벑,,,,,,
223,bake,援쎈떎,珥덈벑,,,,,,
224,balance,洹좏삎,以묎퀬,,,,,,
225,ball,怨?珥덈벑,,,,,,,
226,balloon,湲곌뎄,珥덈벑,,,,,,
227,ban,湲덉?,以묎퀬,,,,,,
228,band,洹몃９,珥덈벑,,,,,,
229,bang,媛뺥?,以묎퀬,,,,,,
230,bank,??珥덈벑,,,,,,,
231,bankrupt,?뚯궛???꾨Ц,,,,,,,
232,bar,留됰?湲?以묎퀬,,,,,,,
233,bare,踰뚭굅踰쀬?,以묎퀬,,,,,,
234,bargain,留ㅻℓ,以묎퀬,,,,,,
235,bark,吏뽯떎,以묎퀬,,,,,,
236,barn,?쏄컙,以묎퀬,,,,,,
237,barrier,?λ꼍,以묎퀬,,,,,,
238,base,湲곗큹,珥덈벑,,,,,,
239,baseball,?쇨뎄,珥덈벑,,,,,,
240,basic,湲곕낯??珥덈벑,,,,,,,
241,basis,湲곗큹,以묎퀬,,,,,,
242,basket,諛붽뎄??珥덈벑,,,,,,,
243,basketball,?띻뎄,珥덈벑,,,,,,
244,bat,諛고듃,珥덈벑,,,,,,
245,bath,紐⑹슃,珥덈벑,,,,,,
246,bathroom,?뺤떎,珥덈벑,,,,,,
247,battery,?꾩?,珥덈벑,,,,,,
248,battle,?꾪닾,珥덈벑,,,,,,
249,bay,留?以묎퀬,,,,,,,
250,be,-?대떎,珥덈벑,,,,,,
251,beach,?댁븞,珥덈벑,,,,,,
252,beam,愿묒꽑,以묎퀬,,,,,,
253,bean,肄?珥덈벑,,,,,,,
254,bear,?섎Ⅴ??珥덈벑,,,,,,,
255,beard,?깆닔??以묎퀬,,,,,,,
256,beast,吏먯듅,以묎퀬,,,,,,
257,beat,移섎떎,以묎퀬,,,,,,
258,beauty,?꾨쫫?ㅼ?,珥덈벑,,,,,,
259,because,?쒕깘?섎㈃,珥덈벑,,,,,,
260,become,-???섎떎,珥덈벑,,,,,,
261,bed,移⑤?,珥덈벑,,,,,,
262,bedroom,移⑥떎 ?깆쟻??珥덈벑,,,,,,,
263,bee,轅踰?珥덈벑,,,,,,,
264,beef,?좉퀬湲?珥덈벑,,,,,,,
265,beer,留μ＜,以묎퀬,,,,,,
266,before,?욎뿉,珥덈벑,,,,,,
267,beg,泥?븯??以묎퀬,,,,,,,
268,begin,?쒖옉?섎떎,珥덈벑,,,,,,
269,behalf,?꾪븿,以묎퀬,,,,,,
270,behave,?됰룞?섎떎,以묎퀬,,,,,,
271,behavior,?됰룞,以묎퀬,behaviour,,,,,
272,behind,?ㅼ뿉,珥덈벑,,,,,,
273,believe,誘용떎,珥덈벑,,,,,,
274,bell,醫?珥덈벑,,,,,,,
275,belong,?랁븯??以묎퀬,,,,,,,
276,below,?꾨옒??珥덈벑,,,,,,,
277,bend,援щ?由щ떎,以묎퀬,,,,,,
278,beneath,-??諛붾줈 ?꾨옒??以묎퀬,,,,,,,
279,benefit,?댁씡,以묎퀬,,,,,,
280,berry,?↔낵,以묎퀬,,,,,,
281,beside,-??怨곸뿉,珥덈벑,,,,,,
282,bet,嫄몃떎,以묎퀬,,,,,,
283,betray,諛곕컲?섎떎,以묎퀬,,,,,,
284,between,-???ъ씠???ъ씠??珥덈벑,,,,,,,
285,beyond,??몄뿉,以묎퀬,,,,,,
286,bias,移섏슦移?以묎퀬,,,,,,,
287,bible,"?깆꽌, ?깃꼍",以묎퀬,,,,,,
288,bicycle,?먯쟾嫄??먯쟾嫄곕? ???珥덈벑,,,,,,,
289,big,??珥덈벑,,,,,,,
290,bill,怨꾩궛??珥덈벑,,,,,,,
291,billion,10??以묎퀬,,,,,,,
292,bin,沅?以묎퀬,,,,,,,
293,bind,留ㅻ떎,以묎퀬,,,,,,
294,biography,?꾧린,以묎퀬,,,,,,
295,biology,?앸Ъ??以묎퀬,,,,,,,
296,bird,??珥덈벑,,,,,,,
297,birth,異쒖깮,珥덈벑,,,,,,
298,birthday,?앹씪,珥덈벑,,,,,,
299,bishop,二쇨탳,?꾨Ц,,,,,,
300,bit,bite??怨쇨굅(遺꾩궗) ?묒? 議곌컖,以묎퀬,,,,,,
301,bite,臾쇰떎,珥덈벑,,,,,,
302,bitter,??以묎퀬,,,,,,,
303,black,寃?,珥덈벑,,,,,,
304,blame,梨낅쭩?섎떎,以묎퀬,,,,,,
305,blank,怨듬갚,以묎퀬,,,,,,
306,blanket,?댁슂,以묎퀬,,,,,,
307,blast,?뚰뭾,?꾨Ц,,,,,,
308,blend,?쇳빀?섎떎,以묎퀬,,,,,,
309,bless,異뺣났?섎떎,以묎퀬,,,,,,
310,blind,?덈㉫,以묎퀬,,,,,,
311,blink,(?덉쓣)源쒕묀嫄곕━??以묎퀬,,,,,,,
312,block,?⑹뼱由?珥덈벑,,,,,,,
313,blonde,(?닿껐????湲덈컻???ъ꽦,以묎퀬,,,,,,
314,blood,??珥덈벑,,,,,,,
315,bloom,?노뜦??以묎퀬,,,,,,,
316,blossom,(怨쇱닔??苑?以묎퀬,,,,,,,
317,blow,媛뺥?,以묎퀬,,,,,,
318,blue,?몃Ⅸ,珥덈벑,,,,,,
319,board,?먮묏吏,珥덈벑,,,,,,
320,boat,諛?珥덈벑,,,,,,,
321,body,?좎껜,珥덈벑,,,,,,
322,boil,?볥떎,以묎퀬,,,,,,
323,bold,??댄븳,以묎퀬,,,,,,
324,bomb,??깂 ??꺽?섎떎,珥덈벑,,,,,,
325,bond,寃곗냽,以묎퀬,,,,,,
326,bone,堉?珥덈벑,,,,,,,
327,book,梨?珥덈벑,,,,,,,
328,boom,援됱쓬,以묎퀬,,,,,,
329,boost,?ㅻ? 諛湲?以묎퀬,,,,,,,
330,boot,紐⑹씠 湲?援щ몢,珥덈벑,,,,,,
331,border,媛?μ옄由?以묎퀬,,,,,,,
332,bore,怨좎“,以묎퀬,,,,,,
333,borrow,鍮뚮떎,珥덈벑,,,,,,
334,boss,?먮ぉ,珥덈벑,,,,,,
335,both,?띾갑??珥덈벑,,,,,,,
336,bother,愿대∼?덈떎 洹쇱떖?섎떎 洹李?쓬,以묎퀬,,,,,,
337,bottle,蹂?珥덈벑,,,,,,,
338,bottom,諛묐컮??珥덈벑,,,,,,,
339,bounce,?곗뼱?ㅻⅤ??以묎퀬,,,,,,,
340,boundary,寃쎄퀎,以묎퀬,,,,,,
341,bow,??以묎퀬,,,,,,,
342,bowl,?щ컻,珥덈벑,,,,,,
343,boy,?뚮뀈,珥덈벑,,,,,,
344,brain,??珥덈벑,,,,,,,
345,brake,釉뚮젅?댄겕,珥덈벑,,,,,,
346,branch,媛吏,珥덈벑,,,,,,
347,brand,?곹몴,珥덈벑,,,,,,
348,brave,?⑷컧??珥덈벑,,,,,,,
349,bread,鍮?珥덈벑,,,,,,,
350,break,遺?섎떎,珥덈벑,,,,,,
351,breakfast,?꾩묠諛?珥덈벑,,,,,,,
352,breast,媛??以묎퀬,,,,,,,
353,breathe,?⑥돩??以묎퀬,,,,,,,
354,breed,湲곕Ⅴ???꾨Ц,,,,,,,
355,breeze,誘명뭾,以묎퀬,,,,,,
356,brew,?묒“?섎떎,?꾨Ц,,,,,,
357,brick,踰쎈룎,以묎퀬,,,,,,
358,bride,?좊?,以묎퀬,,,,,,
359,bridge,?ㅻ━,珥덈벑,,,,,,
360,brief,?⑥떆媛꾩쓽,以묎퀬,,,,,,
361,bright,諛앹?,珥덈벑,,,,,,
362,brilliant,鍮쏅굹??以묎퀬,,,,,,,
363,bring,媛?몄삤??珥덈벑,,,,,,,
364,broad,(??씠)?볦?,以묎퀬,,,,,,
365,broadcast,諛⑹넚?섎떎,以묎퀬,,,,,,
366,brother,?뺤젣,珥덈벑,,,,,,
367,brown,媛덉깋??媛덉깋,珥덈벑,,,,,,
368,brush,??珥덈벑,,,,,,,
369,brute,?쇱닔 吏먯듅媛숈?,?꾨Ц,,,,,,
370,bubble,嫄고뭹 嫄고뭹???쇰떎,珥덈벑,,,,,,
371,budget,?덉궛,以묎퀬,,,,,,
372,bug,踰뚮젅,珥덈벑,,,,,,
373,build,吏볥떎,珥덈벑,,,,,,
374,bulk,遺???꾨Ц,,,,,,,
375,bull,?⑹냼,以묎퀬,,,,,,
376,bullet,?꾪솚,以묎퀬,,,,,,
377,bully,?쏀븳 ?먮? 紐살궡寃?援щ뒗 ??以묎퀬,,,,,,,
378,bump,異⑸룎 遺?れ튂??以묎퀬,,,,,,,
379,bunch,?≪씠,以묎퀬,,,,,,
380,bundle,?ㅻ컻,以묎퀬,,,,,,
381,burden,?꾨졃,以묎퀬,,,,,,
382,burn,?쒕궡,珥덈벑,,,,,,
383,burst,?뚯뿴?섎떎,以묎퀬,,,,,,
384,bury,臾삳떎,以묎퀬,,,,,,
385,bush,?ㅻ텋,以묎퀬,,,,,,
386,business,吏곸뾽,珥덈벑,,,,,,
387,busy,諛붿걶,珥덈벑,,,,,,
388,but,洹몃윭???ㅻ쭔 (-???쒖쇅?섍퀬,珥덈벑,,,,,,
389,butcher,?뺤쑁?먯＜??以묎퀬,,,,,,,
390,button,?⑥텛 ?⑥텛瑜?梨꾩슦???⑥텛濡?梨꾩썙吏??珥덈벑,,,,,,,
391,buy,?щ떎,珥덈벑,,,,,,
392,buzz,?숈쐷嫄곕━???뚮━,以묎퀬,,,,,,
393,by,怨곸뿉,珥덈벑,,,,,,
394,cab,?앹떆,以묎퀬,,,,,,
395,cabin,?좎떎,以묎퀬,,,,,,
396,cable,?댁??꾩떊,以묎퀬,,,,,,
397,cage,?덉옣,珥덈벑,,,,,,
398,calculate,怨꾩궛?섎떎,以묎퀬,,,,,,
399,calendar,?щ젰,珥덈벑,,,,,,
400,call,遺瑜대떎,珥덈벑,,,,,,
401,calm,?됱삩??珥덈벑,,,,,,,
402,can,au-?????덈떎,珥덈벑,,,,,,
403,cancel,痍⑥냼?섎떎,以묎퀬,,,,,,
404,cancer,??以묎퀬,,,,,,,
405,candidate,吏?먯옄,以묎퀬,,,,,,
406,candy,?ы깢怨쇱옄,珥덈벑,,,,,,
407,canvas,?쏅쿋,以묎퀬,,,,,,
408,cap,紐⑥옄,珥덈벑,,,,,,
409,capable,?????덈뒗,以묎퀬,,,,,,
410,cape,怨?以묎퀬,,,,,,,
411,capital,?섏쐞??以묎퀬,,,,,,,
412,captain,?곕몢癒몃━(chief),珥덈벑,,,,,,
413,caption,?쒖젣,?꾨Ц,,,,,,
414,capture,遺숈옟??=catch),以묎퀬,,,,,,
415,car,?먮룞李?珥덈벑,,,,,,,
416,care,嫄깆젙,珥덈벑,,,,,,
417,career,寃쎈젰,以묎퀬,,,,,,
418,carrot,?밴렐,珥덈벑,,,,,,
419,carry,?섎Ⅴ??珥덈벑,,,,,,,
420,cart,(2瑜?吏먮쭏李?珥덈벑,,,,,,,
421,carve,議곌컖?섎떎,以묎퀬,,,,,,
422,case,寃쎌슦,珥덈벑,,,,,,
423,cash,?꾧툑 ?꾧툑?쇰줈 諛붽씀???꾧툑??珥덈벑,,,,,,,
424,cast,?섏???以묎퀬,,,,,,,
425,castle,??珥덈벑,,,,,,,
426,casual,?곗뿰??以묎퀬,,,,,,,
427,cat,怨좎뼇??珥덈벑,,,,,,,
428,catch,遺숈옟??珥덈벑,,,,,,,
429,category,踰붿＜,以묎퀬,,,,,,
430,cater,?뚯떇臾쇱쓣 留덈젴?섎떎,?꾨Ц,,,,,,
431,cathedral,??깅떦,?꾨Ц,,,,,,
432,cattle,??以묎퀬,,,,,,,
433,causal,?먯씤??以묎퀬,,,,,,,
434,cause,?먯씤,以묎퀬,,,,,,
435,caution,議곗떖,以묎퀬,,,,,,
436,cave,?숆뎬 援댁쓣 ?뚮떎 爰쇱???以묎퀬,,,,,,,
437,cease,洹몃쭔?먮떎 洹몄튂??以묒?,以묎퀬,,,,,,
438,ceiling,泥쒖옣,以묎퀬,,,,,,
439,celebrate,寃쎌텞?섎떎,以묎퀬,,,,,,
440,celebrity,紐낆꽦,以묎퀬,,,,,,
441,cell,?묒? 諛?以묎퀬,,,,,,,
442,censor,寃?닿?,以묎퀬,,,,,,
443,century,1?멸린,以묎퀬,,,,,,
444,certain,?뺤떊?섎뒗,珥덈벑,,,,,,
445,certificate,利앸챸??以묎퀬,,,,,,,
446,chain,?ъ뒳,珥덈벑,,,,,,
447,chair,?섏옣,珥덈벑,,,,,,
448,chairman,?섏옣,以묎퀬,,,,,,
449,challenge,?꾩쟾,以묎퀬,,,,,,
450,chamber,諛??꾨Ц,,,,,,,
451,chance,?곗뿰,珥덈벑,,,,,,
452,change,蹂??珥덈벑,,,,,,,
453,chaos,?쇰룉,以묎퀬,,,,,,
454,character,?멸꺽,以묎퀬,,,,,,
455,characteristic,?뱀쑀??以묎퀬,,,,,,,
456,charge,?붽툑,以묎퀬,,,,,,
457,charity,?먮퉬,以묎퀬,,,,,,
458,charm,留ㅻ젰,以묎퀬,,,,,,
459,chase,已볥떎,以묎퀬,,,,,,
460,chat,?〓떞,以묎퀬,,,,,,
461,cheap,媛믪떬,珥덈벑,,,,,,
462,check,諛⑺빐,珥덈벑,cheque,,,,,
463,cheek,蹂?以묎퀬,,,,,,,
464,cheer,媛덉콈,以묎퀬,,,,,,
465,chef,荑?以묎퀬,,,,,,,
466,chemical,?뷀븰??以묎퀬,,,,,,,
467,chemistry,?뷀븰,以묎퀬,,,,,,
468,chest,媛?댄뙇,以묎퀬,,,,,,
469,chew,?밸떎,以묎퀬,,,,,,
470,chief,?곕몢癒몃━,以묎퀬,,,,,,
471,child,?꾩씠,珥덈벑,,,,,,
472,chill,李④??,以묎퀬,,,,,,
473,chin,???? ?깆뿉 ???以묎퀬,,,,,,,
474,chip,(?섎Т)?좊쭑,以묎퀬,,,,,,
475,choir,(援먰쉶???깃??,以묎퀬,,,,,,
476,choose,怨좊Ⅴ??珥덈벑,,,,,,,
477,chop,(?꾨겮 ?깆쑝濡??먮Ⅴ??以묎퀬,,,,,,,
478,chorus,?⑹갹,以묎퀬,,,,,,
479,chronic,留뚯꽦???꾨Ц,,,,,,,
480,church,援먰쉶,珥덈벑,,,,,,
481,cigarette,沅먮젴,以묎퀬,,,,,,
482,cinema,?곹솕愿,珥덈벑,,,,,,
483,circle,??珥덈벑,,,,,,,
484,circulate,?쒗솚?섎떎,以묎퀬,,,,,,
485,circumstance,?섍꼍,以묎퀬,,,,,,
486,cite,?몄슜?섎떎(quote),以묎퀬,,,,,,
487,citizen,?쒕?,以묎퀬,,,,,,
488,city,?꾩떆,珥덈벑,,,,,,
489,civil,?쒕???以묎퀬,,,,,,,
490,claim,?붽뎄?섎떎,以묎퀬,,,,,,
491,clap,吏앹쭩,以묎퀬,,,,,,
492,clarify,留묎쾶 ?섎떎,以묎퀬,,,,,,
493,clash,異⑸룎?섎떎,以묎퀬,,,,,,
494,class,怨꾧툒,珥덈벑,,,,,,
495,classic,怨좎쟾??以묎퀬,,,,,,,
496,classify,遺꾨쪟?섎떎,以묎퀬,,,,,,
497,classroom,援먯떎,珥덈벑,,,,,,
498,clause,議고빆,以묎퀬,,,,,,
499,clay,李고쓾,以묎퀬,,,,,,
500,clean,泥?껐??珥덈벑,,,,,,,
501,clear,留묒?,珥덈벑,,,,,,
502,clerk,?쒓린,珥덈벑,,,,,,
503,clever,?곷━??珥덈벑,,,,,,,
504,client,?뚯넚?섎ː??以묎퀬,,,,,,,
505,cliff,?덈꼍,以묎퀬,,,,,,
506,climate,湲고썑,以묎퀬,,,,,,
507,climb,湲곗뼱 ?ㅻⅤ??珥덈벑,,,,,,,
508,cling,諛李⑺븯??以묎퀬,,,,,,,
509,clinic,蹂묒썝,以묎퀬,,,,,,
510,clip,媛?꾨줈 ?먮Ⅴ??珥덈벑,,,,,,,
511,clock,?쒓퀎,珥덈벑,,,,,,
512,close,?ル떎,珥덈벑,,,,,,
513,cloth,泥?珥덈벑,,,,,,,
514,cloud,援щ쫫,珥덈벑,,,,,,
515,club,?대읇,珥덈벑,,,,,,
516,clue,?⑥꽌,以묎퀬,,,,,,
517,cluster,??以묎퀬,,,,,,,
518,coach,??쭏李?以묎퀬,,,,,,,
519,coal,?앺깂,以묎퀬,,,,,,
520,coast,?곗븞,以묎퀬,,,,,,
521,code,踰뺤쟾,以묎퀬,,,,,,
522,coin,?뷀룓,珥덈벑,,,,,,
523,coincide,?쇱튂?섎떎,以묎퀬,,,,,,
524,cold,異붿슫,珥덈벑,,,,,,
525,collaborate,怨듬룞?쇰줈 ?쇳븯??以묎퀬,,,,,,,
526,collapse,遺뺢눼,以묎퀬,,,,,,
527,collar,移쇰씪,以묎퀬,,,,,,
528,colleague,?숇즺,以묎퀬,,,,,,
529,collect,紐⑥쑝??珥덈벑,,,,,,,
530,college,?④낵???珥덈벑,,,,,,,
531,colony,?앸?吏,以묎퀬,,,,,,
532,color,李⑹깋?섎떎,珥덈벑,colour,,,,,
533,column,(?좊Ц ?깆쓽)??以묎퀬,,,,,,,
534,combat,寃⑺닾?섎떎,以묎퀬,,,,,,
535,combine,寃고빀?섎떎,以묎퀬,,,,,,
536,come,?ㅻ떎,珥덈벑,,,,,,
537,comedy,?ш레,珥덈벑,,,,,,
538,comfort,?꾩븞,以묎퀬,,,,,,
539,command,紐낅졊?섎떎,以묎퀬,,,,,,
540,commence,?쒖옉?섎떎,?꾨Ц,,,,,,
541,comment,?쇳룊,以묎퀬,,,,,,
542,commerce,?곸뾽,以묎퀬,,,,,,
543,commission,?꾩엫,以묎퀬,,,,,,
544,commit,?꾪긽?섎떎,以묎퀬,,,,,,
545,committee,?꾩썝??以묎퀬,,,,,,,
546,commodity,?곹뭹,?꾨Ц,,,,,,
547,communicate,?뚮━??以묎퀬,,,,,,,
548,communist,怨듭궛二쇱쓽??以묎퀬,,,,,,,
549,community,怨듬룞?앺솢泥?以묎퀬,,,,,,,
550,companion,?숇즺,以묎퀬,,,,,,
551,company,援먯젣,珥덈벑,,,,,,
552,compare,鍮꾧탳?섎떎,以묎퀬,,,,,,
553,compatible,?묐┰?????덈뒗,?꾨Ц,,,,,,
554,compel,?듭?濡?-?쒗궎???꾨Ц,,,,,,,
555,compensate,諛곗긽?섎떎,?꾨Ц,,,,,,
556,compete,寃쎌웳?섎떎,以묎퀬,,,,,,
557,competent,?λ젰?덈뒗,以묎퀬,,,,,,
558,compile,?몄갔?섎떎,?꾨Ц,,,,,,
559,complain,遺덊룊?섎떎,以묎퀬,,,,,,
560,complement,蹂댁셿?섎뒗 寃?以묎퀬,,,,,,,
561,complete,?꾩꽦?섎떎,以묎퀬,,,,,,
562,complex,?⑹꽦臾?以묎퀬,,,,,,,
563,complicate,蹂듭옟?섍쾶 ?섎떎,以묎퀬,,,,,,
564,component,援ъ꽦?섎뒗 ?깅텇,?꾨Ц,,,,,,
565,compose,援ъ꽦?섎떎,以묎퀬,,,,,,
566,compound,?깅텇 ?깆쓣 ?쇳빀?섎떎,?꾨Ц,,,,,,
567,comprehensive,?댄빐?μ엳??以묎퀬,,,,,,,
568,comprise,?ы븿?섎떎,?꾨Ц,,,,,,
569,compromise,?????묓븯???꾨Ц,,,,,,,
570,compulsory,?섎Т?곸씤,?꾨Ц,,,,,,
571,conceal,?④린??以묎퀬,,,,,,,
572,conceive,?곸긽?섎떎,?꾨Ц,,,,,,
573,concentrate,吏묒쨷?섎떎,以묎퀬,,,,,,
574,concept,媛쒕뀗,以묎퀬,,,,,,
575,concern,愿怨꾪븯??以묎퀬,,,,,,,
576,concert,?곗＜??珥덈벑,,,,,,,
577,conclude,寃곗젙?섎떎,以묎퀬,,,,,,
578,concrete,援ъ껜?곸씤 ?묎퀬臾?以묎퀬,,,,,,,
579,condemn,?섎Т?쇰떎,?꾨Ц,,,,,,
580,condition,議곌굔,珥덈벑,,,,,,
581,conduct,?됱쐞 ?대걣??以묎퀬,,,,,,,
582,confer,二쇰떎,?꾨Ц,,,,,,
583,confess,?ㅽ넗?섎떎,以묎퀬,,,,,,
584,confident,?뺤떊?섎뒗,以묎퀬,,,,,,
585,confine,援?꼍,以묎퀬,,,,,,
586,confirm,?뺤씤?섎떎,以묎퀬,,,,,,
587,conflict,?ъ웳,以묎퀬,,,,,,
588,conform,?쇱튂?쒗궎??以묎퀬,,,,,,,
589,confront,吏곷㈃?섎떎,以묎퀬,,,,,,
590,confuse,?쇰??쒗궎??以묎퀬,,,,,,,
591,congratulate,異뺥븯?섎떎,珥덈벑,,,,,,
592,congress,?뚯쓽,以묎퀬,,,,,,
593,connect,?뉖떎 ?댁뼱吏??以묎퀬,,,,,,,
594,conscience,?묒떖,以묎퀬,,,,,,
595,conscious,?섏떇?곸씤,以묎퀬,,,,,,
596,consensus,(?섍껄 ?깆쓽)?쇱튂,?꾨Ц,,,,,,
597,consent,?밸굺?섎떎,?꾨Ц,,,,,,
598,conserve,蹂댁〈?섎떎,?꾨Ц,,,,,,
599,consider,?숆퀬?섎떎,以묎퀬,,,,,,
600,consist,-?쇰줈 ?대（?댁???以묎퀬,,,,,,,
601,consistent,?쒖쥌?쇨???以묎퀬,,,,,,,
602,constant,遺덈???以묎퀬,,,,,,,
603,constitute,援ъ꽦?섎떎,?꾨Ц,,,,,,
604,constrain,媛뺤젣?섎떎,?꾨Ц,,,,,,
605,construct,嫄댁“?섎떎,以묎퀬,,,,,,
606,consult,?곸쓽?섎떎,以묎퀬,,,,,,
607,consume,?뚮퉬?섎떎,以묎퀬,,,,,,
608,contact,?묒큺,以묎퀬,,,,,,
609,contain,?댄룷?섎떎,以묎퀬,,,,,,
610,contemporary,?꾨????꾨Ц,,,,,,,
611,contend,?몄슦???꾨Ц,,,,,,,
612,content,留뚯”?섏뿬,以묎퀬,,,,,,
613,contest,寃⑤（??珥덈벑,,,,,,,
614,context,臾몃㎘,以묎퀬,,,,,,
615,continent,?먯젣?ъ씠 ?덈뒗,以묎퀬,,,,,,
616,continue,怨꾩냽?섎떎,以묎퀬,,,,,,
617,contract,怨꾩빟,以묎퀬,,,,,,
618,contradict,諛섎컯?섎떎,?꾨Ц,,,,,,
619,contrary,諛섎???諛섎? 嫄곌씀濡?以묎퀬,,,,,,,
620,contrast,?議?以묎퀬,,,,,,,
621,contribute,湲곕??섎떎,以묎퀬,,,,,,
622,control,?듭젣?섎떎,珥덈벑,,,,,,
623,controversy,?쇱웳,以묎퀬,,,,,,
624,convenient,?몃━??以묎퀬,,,,,,,
625,convention,愿濡,?꾨Ц,,,,,,
626,conversation,?뚰솕,以묎퀬,,,,,,
627,convert,諛붽씀???꾨Ц,,,,,,,
628,convey,?섎Ⅴ??以묎퀬,,,,,,,
629,convict,?좎즲濡??먭껐?섎떎 二꾩닔,以묎퀬,,,,,,
630,convince,?뺤떊?쒗궎??以묎퀬,,,,,,,
631,cook,?붾━?섎떎 ?붾━??珥덈벑,,,,,,,
632,cookie,荑좏궎,珥덈벑,cooky,,,,,
633,cool,?쒕뒛??珥덈벑,,,,,,,
634,cooperate,?묐룞?섎떎,以묎퀬,,,,,,
635,coordinate,?숆꺽???꾨Ц,,,,,,,
636,cop,?쒓꼍,以묎퀬,,,,,,
637,cope,肄붿슦???깆쭅?먯쓽 湲?寃됱샆),以묎퀬,,,,,,
638,copy,?щ낯,珥덈벑,,,,,,
639,copyright,?먭텒,以묎퀬,,,,,,
640,cord,諛㏃쨪,以묎퀬,,,,,,
641,core,?듭떖,以묎퀬,,,,,,
642,corn,?곕늿,以묎퀬,,,,,,
643,corner,紐⑦뎮??珥덈벑,,,,,,,
644,corporate,踰뺤씤議곗쭅??以묎퀬,,,,,,,
645,correct,?녹?,以묎퀬,,,,,,
646,correspond,?쇱튂?섎떎,以묎퀬,,,,,,
647,corridor,蹂듬룄,?꾨Ц,,,,,,
648,corrupt,??쏀븳,以묎퀬,,,,,,
649,cost,媛寃?珥덈벑,,,,,,,
650,costume,蹂듭옣,以묎퀬,,,,,,
651,cottage,?쒓낏吏?以묎퀬,,,,,,,
652,cotton,紐⑺솕,珥덈벑,,,,,,
653,couch,移⑤?,以묎퀬,,,,,,
654,cough,湲곗묠 湲곗묠???섎떎 湲곗묠???섏뿬 -??諭됱뼱?대떎,以묎퀬,,,,,,
655,could,aucan??怨쇨굅,珥덈벑,,,,,,
656,council,?뚯쓽,以묎퀬,,,,,,
657,counsel,?섎끉,以묎퀬,,,,,,
658,count,怨꾩궛,以묎퀬,,,,,,
659,counter,怨꾩궛?섎뒗 ?щ엺,以묎퀬,,,,,,
660,counterpart,遺蹂??꾨Ц,,,,,,,
661,country,?섎씪,珥덈벑,,,,,,
662,countryside,?쒓낏,珥덈벑,,,,,,
663,county,二??꾨Ц,,,,,,,
664,couple,????珥덈벑,,,,,,,
665,courage,?⑷린,以묎퀬,,,,,,
666,cousin,?ъ큿,珥덈벑,,,,,,
667,cover,??떎,珥덈벑,,,,,,
668,cow,?꾪삊?섎떎 ?붿냼,珥덈벑,,,,,,
669,cowboy,紐⑸룞,以묎퀬,,,,,,
670,crack,李곗떦 ?뚮━?대떎 湲덇????좎뭅濡쒖슫?뚮━,以묎퀬,,,,,,
671,craft,?쒖뵪,以묎퀬,,,,,,
672,crash,?꾩궛,以묎퀬,,,,,,
673,crawl,?ㅻ컻濡?湲곕떎,以묎퀬,,,,,,
674,crazy,誘몄튇,珥덈벑,,,,,,
675,create,李쎌“?섎떎,以묎퀬,,,,,,
676,creature,李쎌“臾?以묎퀬,,,,,,,
677,credible,誘우쓣 ???덈뒗,以묎퀬,,,,,,
678,credit,?좎슜,以묎퀬,,,,,,
679,creek,?쒕궡,?꾨Ц,,,,,,
680,creep,湲곕떎,?꾨Ц,,,,,,
681,crew,?밸Т??以묎퀬,,,,,,,
682,cricket,?щ━耳?以묎퀬,,,,,,,
683,crime,踰붿즲,以묎퀬,,,,,,
684,criminal,二꾩쓽,以묎퀬,,,,,,
685,crisis,?꾧린,以묎퀬,,,,,,
686,crisp,?뚯궘?뚯궘??以묎퀬,,,,,,,
687,criteria,criterion??蹂듭닔???꾨Ц,,,,,,,
688,critic,鍮꾪룊媛,以묎퀬,,,,,,
689,criticize,鍮꾪룊?섎떎,以묎퀬,criticise,,,,,
690,criticism,鍮꾪룊,以묎퀬,,,,,,
691,crop,?섑솗,以묎퀬,,,,,,
692,cross,??옄??珥덈벑,,,,,,,
693,crowd,援곗쨷,珥덈벑,,,,,,
694,crown,?뺢?,珥덈벑,,,,,,
695,crucial,寃곗젙?곸씤,以묎퀬,,,,,,
696,cruel,?붿씤??以묎퀬,,,,,,,
697,cruise,?쒗빆?섎떎,以묎퀬,,,,,,
698,crush,?뚮윭 遺?섎떎,以묎퀬,,,,,,
699,cry,?뚮━移섎떎,珥덈벑,,,,,,
700,crystal,?섏젙,以묎퀬,,,,,,
701,cultivate,寃쎌옉?섎떎,以묎퀬,,,,,,
702,culture,臾명솕,珥덈벑,,,,,,
703,cupboard,李ъ옣,以묎퀬,,,,,,
704,cure,移섎즺,以묎퀬,,,,,,
705,curious,?댁긽?ㅻ윭??珥덈벑,,,,,,,
706,curl,怨깆뒳癒몃━ 癒몃━?몄쓣 吏吏??以묎퀬,,,,,,,
707,currency,?듭슜,?꾨Ц,,,,,,
708,current,?좏뻾??以묎퀬,,,,,,,
709,curriculum,怨쇰ぉ,?꾨Ц,,,,,,
710,curry,移대젅?붾━ 移대젅濡?留쏆쓣 ?대떎,以묎퀬,,,,,,
711,curse,?二??꾨Ц,,,,,,,
712,curtain,而ㅼ뼱??珥덈벑,,,,,,,
713,curve,怨≪꽑,以묎퀬,,,,,,
714,custody,蹂댄샇,?꾨Ц,,,,,,
715,custom,?듦?,以묎퀬,,,,,,
716,customer,怨좉컼,珥덈벑,,,,,,
717,cut,踰좊떎,珥덈벑,,,,,,
718,cute,洹?ъ슫,珥덈벑,,,,,,
719,cycle,?쒗솚,珥덈벑,,,,,,
720,cynical,?됱냼?곸씤,?꾨Ц,,,,,,
721,dad,?꾨튌,珥덈벑,,,,,,
722,dairy,?숇냽??以묎퀬,,,,,,,
723,dam,??以묎퀬,,,,,,,
724,damage,?먰빐,以묎퀬,,,,,,
725,damp,異뺤텞???듦린 ?곸떆??以묎퀬,,,,,,,
726,dance,?꾩뒪,珥덈벑,,,,,,
727,danger,?꾪뿕,珥덈벑,,,,,,
728,dare,au媛먰엳 -?섎떎,以묎퀬,,,,,,
729,dark,?대몢??珥덈벑,,,,,,,
730,darling,洹?ъ슫,以묎퀬,,,,,,
731,dash,?뚯쭊,以묎퀬,,,,,,
732,database,?곗씠?곕쿋?댁뒪,以묎퀬,,,,,,
733,date,?좎쭨,珥덈벑,,,,,,
734,daughter,??珥덈벑,,,,,,,
735,dawn,?덈꼍 ?좎씠 ?덈떎,以묎퀬,,,,,,
736,day,??珥덈벑,,,,,,,
737,dead,二쎌?,珥덈벑,,,,,,
738,deal,??以묎퀬,,,,,,,
739,death,二쎌쓬,珥덈벑,,,,,,
740,debate,?좊줎 ?좊줎?섎떎,以묎퀬,,,,,,
741,debt,鍮?以묎퀬,,,,,,,
742,decade,10?꾧컙,以묎퀬,,,,,,
743,decay,?좏눜?섎떎,以묎퀬,,,,,,
744,decent,?먯옏?,?꾨Ц,,,,,,
745,decide,寃곗젙?섎떎,珥덈벑,,,,,,
746,decision,寃곗젙,以묎퀬,,,,,,
747,deck,媛묓뙋,以묎퀬,,,,,,
748,declare,?좎뼵?섎떎,以묎퀬,,,,,,
749,decline,湲곗슱??以묎퀬,,,,,,,
750,decorate,?μ떇?섎떎,以묎퀬,,,,,,
751,decrease,媛먯냼?섎떎,以묎퀬,,,,,,
752,dedicate,遊됰궔?섎떎,?꾨Ц,,,,,,
753,deep,源딆?,珥덈벑,,,,,,
754,defeat,?⑤같,以묎퀬,,,,,,
755,defense,諛⑹뼱,以묎퀬,defence,,,,,
756,defend,諛⑹뼱?섎떎,以묎퀬,,,,,,
757,defendant,?쇨퀬 ?쇨퀬??以묎퀬,,,,,,,
758,deficiency,寃고븤,?꾨Ц,,,,,,
759,deficit,寃곗넀,?꾨Ц,,,,,,
760,define,?뺤쓽?섎떎,以묎퀬,,,,,,
761,definite,?쇱젙??以묎퀬,,,,,,,
762,degrade,吏?꾨? ??텛???꾨Ц,,,,,,,
763,degree,??以묎퀬,,,,,,,
764,delay,??텛??以묎퀬,,,,,,,
765,delegate,?뚭껄?섎떎,?꾨Ц,,,,,,
766,delete,??젣?섎떎,以묎퀬,,,,,,
767,deliberate,?숆퀬?섎떎,?꾨Ц,,,,,,
768,delicate,誘몃쵖??以묎퀬,,,,,,,
769,delicious,留쏆엳??珥덈벑,,,,,,,
770,delight,利먭쾪寃뚰븯??利먭굅?뚰븯??以묎퀬,,,,,,,
771,deliver,?몃룄?섎떎,以묎퀬,,,,,,
772,demand,?붽뎄?섎떎,以묎퀬,,,,,,
773,democracy,誘쇱＜二쇱쓽,以묎퀬,,,,,,
774,democrat,誘쇱＜二쇱쓽??以묎퀬,,,,,,,
775,demon,?낅쭏,以묎퀬,,,,,,
776,demonstrate,利앸챸?섎떎,以묎퀬,,,,,,
777,dense,吏숈?,以묎퀬,,,,,,
778,dentist,移섍낵?섏궗,珥덈벑,,,,,,
779,deny,遺?뺥븯??以묎퀬,,,,,,,
780,department,遺,以묎퀬,,,,,,
781,departure,異쒕컻,以묎퀬,,,,,,
782,depend,醫뚯슦?섎떎,以묎퀬,,,,,,
783,dependence,醫낆냽,以묎퀬,,,,,,
784,depict,臾섏궗?섎떎,?꾨Ц,,,,,,
785,deposit,?덇툑,?꾨Ц,,,,,,
786,depress,?듭븬?섎떎,以묎퀬,,,,,,
787,deprive,鍮쇱븮???꾨Ц,,,,,,,
788,derive,?대걣???대떎,以묎퀬,,,,,,
789,descend,?대젮?ㅻ떎,以묎퀬,,,,,,
790,describe,湲곗닠?섎떎,以묎퀬,,,,,,
791,description,?쒖닠,以묎퀬,,,,,,
792,desert,踰꾨━??以묎퀬,,,,,,,
793,deserve, -??留뚰븯??以묎퀬,,,,,,,
794,design,?붿옄??珥덈벑,,,,,,,
795,designate,媛由ы궎???꾨Ц,,,,,,,
796,desire,諛붾씪??以묎퀬,,,,,,,
797,desk,梨낆긽,珥덈벑,,,,,,
798,despair,?덈쭩?섎떎,以묎퀬,,,,,,
799,desperate,?덈쭩?곸씤,以묎퀬,,,,,,
800,despite,-?먮룄 遺덇뎄?섍퀬 紐⑥슃,以묎퀬,,,,,,
801,destination,紐⑹쟻吏,以묎퀬,,,,,,
802,destiny,?대챸,以묎퀬,,,,,,
803,destroy,?뚭눼?섎떎,以묎퀬,,,,,,
804,destruction,?뚭눼,以묎퀬,,,,,,
805,detach,遺꾨━?섎떎,以묎퀬,,,,,,
806,detail,?곸꽕,以묎퀬,,,,,,
807,detect,媛꾪뙆?섎떎,以묎퀬,,,,,,
808,determine,寃곗젙?섎떎,以묎퀬,,,,,,
809,develop,諛쒕떖?섎떎,以묎퀬,,,,,,
810,device,怨좎븞,以묎퀬,,,,,,
811,devil,?낅쭏,以묎퀬,,,,,,
812,devise,怨좎븞?섎떎,以묎퀬,,,,,,
813,devote,諛붿튂??以묎퀬,,,,,,,
814,diabetes,?밸눊蹂??꾨Ц,,,,,,,
815,dialogue,???珥덈벑,dialog,,,,,,
816,diary,?쇨린,珥덈벑,,,,,,
817,dictate,諛쏆븘?곌쾶 ?섎떎,?꾨Ц,,,,,,
818,dictionary,?ъ쟾,以묎퀬,,,,,,
819,die,二쎈떎,珥덈벑,,,,,,
820,different,?ㅻⅨ,珥덈벑,,,,,,
821,difficult,怨ㅻ???珥덈벑,,,,,,,
822,dig,?뚮떎,以묎퀬,,,,,,
823,dignity,?꾩뾼,?꾨Ц,,,,,,
824,dimension,移섏닔,?꾨Ц,,,,,,
825,diminish,媛먯냼?섎떎,以묎퀬,,,,,,
826,dine,??곸떇?щ? ?섎떎,?꾨Ц,,,,,,
827,dinner,?뺤갔,珥덈벑,,,,,,
828,dip,?닿렇??以묎퀬,,,,,,,
829,diplomat,?멸탳愿,以묎퀬,,,,,,
830,direct,吏?꾪븯??以묎퀬,,,,,,,
831,dirty,?붾윭??珥덈벑,,,,,,,
832,disabled,遺덇뎄媛 ??以묎퀬,,,,,,,
833,disadvantage,遺덈━,以묎퀬,,,,,,
834,disagree,?쇱튂?섏? ?딅떎,以묎퀬,,,,,,
835,disappear,?덈낫?닿쾶 ?섎떎,以묎퀬,,,,,,
836,disappoint,?ㅻ쭩?쒗궎??以묎퀬,,,,,,,
837,disaster,泥쒖옱,以묎퀬,,,,,,
838,discharge,吏먯쓣遺由щ떎,?꾨Ц,,,,,,
839,discipline,?덈젴,以묎퀬,,,,,,
840,disclose,?섑??대떎,以묎퀬,,,,,,
841,discount,?좎씤,以묎퀬,,,,,,
842,discourse,媛뺤뿰,?꾨Ц,,,,,,
843,discover,諛쒓껄?섎떎,以묎퀬,,,,,,
844,discriminate,遺꾨퀎?섎떎,?꾨Ц,,,,,,
845,discuss,?좊줎?섎떎,珥덈벑,,,,,,
846,disease,蹂?以묎퀬,,,,,,,
847,disgust,遺덉풄?섍쾶 ?섎떎,以묎퀬,,,,,,
848,dish,?묒떆,珥덈벑,,,,,,
849,dismiss,?좊굹寃??섎떎,以묎퀬,,,,,,
850,disorder,?쒖옟,以묎퀬,,,,,,
851,displace,諛붽씀?대넃???꾨Ц,,,,,,,
852,display,蹂댁씠??以묎퀬,,,,,,,
853,dispose,諛곗뿴?섎떎,以묎퀬,,,,,,
854,dispute,?쇱웳?섎떎,?꾨Ц,,,,,,
855,disrupt,遺꾩뿴?쒗궎???꾨Ц,,,,,,,
856,distant,?⑥뼱吏?以묎퀬,,,,,,,
857,distort,李뚭렇?щ쑉由щ떎,?꾨Ц,,,,,,
858,distract,?꾪솚?쒗궎??以묎퀬,,,,,,,
859,distribute,遺꾨같?섎떎,以묎퀬,,,,,,
860,district,吏援?以묎퀬,,,,,,,
861,disturb,援먮??섎떎,以묎퀬,,,,,,
862,dive,?곗뼱?ㅻ떎,以묎퀬,,,,,,
863,diverse,?ㅼ뼇??以묎퀬,,,,,,,
864,divide,?섎늻??珥덈벑,,,,,,,
865,divine,?좎쓽,?꾨Ц,,,,,,
866,divorce,?댄샎,以묎퀬,,,,,,
867,do,?섎떎,珥덈벑,,,,,,
868,doctor,諛뺤궗,珥덈벑,,,,,,
869,document,?쒕쪟,以묎퀬,,,,,,
870,dog,媛?珥덈벑,,,,,,,
871,doll,?명삎,珥덈벑,,,,,,
872,dolphin,?뚭퀬??珥덈벑,,,,,,,
873,domain,?곹넗,以묎퀬,,,,,,
874,domestic,媛?뺤쓽,以묎퀬,,,,,,
875,dominant,?곗꽭???꾨Ц,,,,,,,
876,donate,利앹뿬?섎떎,以묎퀬,,,,,,
877,door,臾?珥덈벑,,,,,,,
878,dose,1?뚮났?⑸웾 ?ъ빟?섎떎,?꾨Ц,,,,,,
879,dot,??以묎퀬,,,,,,,
880,double,2諛곗쓽,珥덈벑,,,,,,
881,doubt,?섏떖,以묎퀬,,,,,,
882,down,?꾨옒濡?珥덈벑,,,,,,,
883,dozen,1?ㅼ뒪,以묎퀬,,,,,,
884,draft,珥덇퀬,?꾨Ц,,,,,,
885,drag,?뚮떎,以묎퀬,,,,,,
886,drain,諛곗닔?섎떎,?꾨Ц,,,,,,
887,draw,?밴린??珥덈벑,,,,,,,
888,drawer,?쒕룄??以묎퀬,,,,,,,
889,dread,?먮젮?뚰븯???먮젮?,?꾨Ц,,,,,,
890,dream,轅?珥덈벑,,,,,,,
891,drink,留덉떆??珥덈벑,,,,,,,
892,drive,?댁쟾?섎떎,珥덈벑,,,,,,
893,drop,諛⑹슱,珥덈벑,,,,,,
894,drown,臾쇱뿉鍮좊쑉由щ떎,以묎퀬,,,,,,
895,drug,?쎌젣,以묎퀬,,,,,,
896,dry,留덈Ⅸ,珥덈벑,,,,,,
897,dual,?섏쓽,?꾨Ц,,,,,,
898,duck,癒몃━瑜?臾??띿뿉 ??爾먮컯??珥덈벑,,,,,,,
899,due,吏湲됯린?쇱씠 ??以묎퀬,,,,,,,
900,dull,?뷀븳,以묎퀬,,,,,,
901,dump,?대쾭由щ떎,以묎퀬,,,,,,
902,during,-?숈븞??珥덈벑,,,,,,,
903,dust,癒쇱?,以묎퀬,,,,,,
904,duty,?섎Т,以묎퀬,,,,,,
905,dwell,嫄곗＜?섎떎,以묎퀬,,,,,,
906,dynamic,?숈쟻??以묎퀬,,,,,,,
907,each,媛곴컖??以묎퀬,,,,,,,
908,eager,?댁떖??以묎퀬,,,,,,,
909,ear,洹,珥덈벑,,,,,,
910,early,?대Ⅸ,珥덈벑,,,,,,
911,earn,?쇳븯??踰뚮떎,以묎퀬,,,,,,
912,earth,吏援?珥덈벑,,,,,,,
913,ease,?덈씫,以묎퀬,,,,,,
914,east,?숈そ ?숈そ???숈そ?쇰줈,珥덈벑,,,,,,
915,easy,?ъ슫,珥덈벑,,,,,,
916,eat,癒밸떎,珥덈벑,,,,,,
917,economy,?덉빟,以묎퀬,,,,,,
918,edge,?앸㉧由?以묎퀬,,,,,,,
919,edit,?몄쭛?섎떎,以묎퀬,,,,,,
920,educate,援먯쑁?섎떎,以묎퀬,,,,,,
921,effect,寃곌낵,以묎퀬,,,,,,
922,effective,?④낵?곸씤,以묎퀬,,,,,,
923,efficient,?λ쪧?곸씤,以묎퀬,,,,,,
924,effort,?몃젰,以묎퀬,,,,,,
925,egg,??珥덈벑,,,,,,,
926,either,?대뒓 ?섎굹??以묎퀬,,,,,,,
927,elaborate,怨듬뱾???꾨Ц,,,,,,,
928,elect,?좉굅?섎떎,以묎퀬,,,,,,
929,electric,?꾧린??以묎퀬,,,,,,,
930,electronic,?꾩옄(????以묎퀬,,,,,,,
931,elegant,?곗븘??以묎퀬,,,,,,,
932,element,?붿냼,以묎퀬,,,,,,
933,elementary,湲곕낯??珥덈벑,,,,,,,
934,elephant,肄붾겮由?珥덈벑,,,,,,,
935,eliminate,?쒓굅?섎떎,以묎퀬,,,,,,
936,else,洹?諛뽰뿉,以묎퀬,,,,,,
937,embarrass,?쒖쿂?섍쾶 ?섎떎,以묎퀬,,,,,,
938,embassy,??ш?,以묎퀬,,,,,,
939,embrace,?ъ샊?섎떎,?꾨Ц,,,,,,
940,emerge,?섏삤??以묎퀬,,,,,,,
941,emergency,鍮꾩긽?ы깭,以묎퀬,,,,,,
942,emit,諛⑹궗?섎떎,?꾨Ц,,,,,,
943,emotion,媛먯젙,以묎퀬,,,,,,
944,emphasis,媛뺤“,以묎퀬,,,,,,
945,empire,?쒓뎅,以묎퀬,,,,,,
946,employ,怨좎슜?섎떎,以묎퀬,,,,,,
947,empty,鍮?以묎퀬,,,,,,,
948,enclose,?먯썙?몃떎,以묎퀬,,,,,,
949,encounter,議곗슦,以묎퀬,,,,,,
950,encourage,?⑷린瑜??뗭슦??以묎퀬,,,,,,,
951,end,??珥덈벑,,,,,,,
952,endure,寃щ뵒??以묎퀬,,,,,,,
953,enemy,??以묎퀬,,,,,,,
954,enforce,?ㅼ떆?섎떎,?꾨Ц,,,,,,
955,engage,?쎌냽?섎떎,以묎퀬,,,,,,
956,engine,?붿쭊,珥덈벑,,,,,,
957,engineer,湲곗궗,珥덈벑,,,,,,
958,enhance,?μ긽?섎떎,以묎퀬,,,,,,
959,enjoy,利먭린??珥덈벑,,,,,,,
960,enormous,嫄곕???以묎퀬,,,,,,,
961,enough,異⑸텇??珥덈벑,,,,,,,
962,enroll,紐낅????щ━???꾨Ц,enrol,,,,,,
963,ensure,-??梨낆엫吏??以묎퀬,,,,,,,
964,enter,?ㅼ뼱媛??珥덈벑,,,,,,,
965,enterprise,湲고쉷,以묎퀬,,,,,,
966,entertain,利먭쾪寃??섎떎,以묎퀬,,,,,,
967,enthusiastic,?댁떖??以묎퀬,,,,,,,
968,entire,?꾩껜??以묎퀬,,,,,,,
969,entitle,?먭꺽??二쇰떎,?꾨Ц,,,,,,
970,entry,?ㅼ뼱媛?以묎퀬,,,,,,,
971,envelope,遊됲닾,以묎퀬,,,,,,
972,environment,?섍꼍,以묎퀬,,,,,,
973,envy,吏덊닾,以묎퀬,,,,,,
974,episode,?쏀솕,以묎퀬,,,,,,
975,equal,媛숈?,以묎퀬,,,,,,
976,equate,媛숆쾶?섎떎,?꾨Ц,,,,,,
977,equipment,?λ퉬,以묎퀬,,,,,,
978,era,?쒕?,以묎퀬,,,,,,
979,eraser,吏?곕뒗 ?щ엺,珥덈벑,,,,,,
980,erect,?묐컮濡????꾨Ц,,,,,,,
981,error,?섎せ,珥덈벑,,,,,,
982,escape,?꾨쭩?섎떎,以묎퀬,,,,,,
983,escort,?몄쐞?섎떎,以묎퀬,,,,,,
984,especially,?뱁엳,以묎퀬,,,,,,
985,essential,蹂몄쭏?곸씤,以묎퀬,,,,,,
986,establish,?뺣┰?섎떎,以묎퀬,,,,,,
987,estate,?좎?,?꾨Ц,,,,,,
988,estimate,?대┝?〓떎,以묎퀬,,,,,,
989,etc,?깅벑,以묎퀬,et cetera,,,,,
990,ethical,?꾨뜒?곸쓽,?꾨Ц,,,,,,
991,ethnic,?몄쥌???꾨Ц,,,,,,,
992,evacuate,鍮꾩슦???꾨Ц,,,,,,,
993,evaluate,?됯??섎떎,以묎퀬,,,,,,
994,eve,"??? 諛?,以묎퀬,,
995,even,-議곗감,以묎퀬,,
996,evening,???珥덈벑,,
997,eventually,寃곌뎅,以묎퀬,,
998,ever,?댁쟾??以묎퀬,,
999,every,紐⑤뱺,珥덈벑,,
1000,evident,紐낅갚??以묎퀬,,
1001,evil,?ъ븙??以묎퀬,,
1002,evolution,吏꾪솕,以묎퀬,,
1003,evolve,吏꾪솕?섎떎,以묎퀬,,
1004,exact,?뺥솗??以묎퀬,,
1005,exaggerate,怨쇱옣?섎떎,以묎퀬,,
1006,exam,?쒗뿕,珥덈벑,examination,
1007,examine,?쒗뿕?섎떎,以묎퀬,,
1008,example,蹂닿린,珥덈벑,,
1009,exceed,?섎떎,以묎퀬,,
1010,excellent,?곗닔??以묎퀬,,
1011,except,-???쒖쇅?섍퀬???쒖쇅?섎떎,以묎퀬,,
1012,excess,珥덇낵,以묎퀬,,
1013,exchange,援먰솚?섎떎,以묎퀬,,
1014,excite,?λ텇?쒗궎??以묎퀬,,
1015,exclude,諛곗쿃?섎떎,以묎퀬,,
1016,exclusive,諛고??곸씤,?꾨Ц,,
1017,excuse,蹂紐?以묎퀬,,
1018,executive,吏묓뻾???꾨Ц,,
1019,exercise,?대룞,珥덈벑,,
1020,exhaust,???⑤쾭由щ떎,以묎퀬,,
1021,exhibit,蹂댁씠??以묎퀬,,
1022,exist,議댁옱?섎떎,以묎퀬,,
1023,exit,異쒓뎄,珥덈벑,,
1024,exotic,?멸뎅??以묎퀬,,
1025,expand,?대떎,以묎퀬,,
1026,expect,湲곕??섎떎,以묎퀬,,
1027,expense,吏異?以묎퀬,,
1028,expensive,鍮꾩슜???쒕뒗,以묎퀬,,
1029,experience,寃쏀뿕,以묎퀬,,
1030,experiment,?ㅽ뿕,以묎퀬,,
1031,expert,?숇젴媛,以묎퀬,,
1032,expertise,?媛???섍껄,?꾨Ц,,
1033,explain,?ㅻ챸?섎떎,以묎퀬,,
1034,explicit,紐낅갚???꾨Ц,,
1035,explode,??컻?쒗궎??以묎퀬,,
1036,explore,?먰뿕?섎떎,以묎퀬,,
1037,export,?섏텧?섎떎 ?섏텧,以묎퀬,,
1038,expose,?щ떎", ?쒕윭?대떎, 留욏엳??,以묎퀬,,,,
1039,express,諛쒗몴?섎떎,以묎퀬,,,,,,
1040,extend,六쀫떎,以묎퀬,,,,,,
1041,extent,?볦씠,以묎퀬,,,,,,
1042,external,?몃???以묎퀬,,,,,,,
1043,extinct,爰쇱쭊,以묎퀬,,,,,,
1044,extra,媛?몄쓽,以묎퀬,,,,,,
1045,extract,戮묒븘?대떎,?꾨Ц,,,,,,
1046,extraordinary,?댁긽???꾨Ц,,,,,,,
1047,extreme,洹밸떒??以묎퀬,,,,,,,
1048,eye,??珥덈벑,,,,,,,
1049,eyebrow,?덉뜾,以묎퀬,,,,,,
1050,fabric,泥?以묎퀬,,,,,,,
1051,face,?쇨뎬,珥덈벑,,,,,,
1052,facilitate,?쎄쾶?섎떎,?꾨Ц,,,,,,
1053,facility,?ъ?,以묎퀬,,,,,,
1054,fact,?ъ떎,珥덈벑,,,,,,
1055,factor,?붿냼,以묎퀬,,,,,,
1056,factory,怨듭옣,珥덈벑,,,,,,
1057,faculty,?λ젰,?꾨Ц,,,,,,
1058,fade,諛붾옒??以묎퀬,,,,,,,
1059,fail,?ㅽ뙣?섎떎,珥덈벑,,,,,,
1060,faint,湲곗젅?섎떎,以묎퀬,,,,,,
1061,fair,怨듯룊??以묎퀬,,,,,,,
1062,faith,?좎슜,以묎퀬,,,,,,
1063,fall,?⑥뼱吏??珥덈벑,,,,,,,
1064,FALSE,嫄곗쭞,以묎퀬,,,,,,
1065,fame,紐낆꽦,以묎퀬,,,,,,
1066,familiar,移쒗븳,以묎퀬,,,,,,
1067,family,媛議?珥덈벑,,,,,,,
1068,famous,?좊챸??珥덈벑,,,,,,,
1069,fan,(?곹솕 ?깆쓽)??珥덈벑,,,,,,,
1070,fancy,怨듭긽,以묎퀬,,,,,,
1071,fantastic,?섏긽?곸씤,珥덈벑,,,,,,
1072,far,硫由?珥덈벑,,,,,,,
1073,fare,?붽툑,以묎퀬,,,,,,
1074,farm,?띿옣,珥덈벑,,,,,,
1075,fascinate,?⑺?耳 ?섎떎,以묎퀬,,,,,,
1076,fast,鍮좊Ⅸ,珥덈벑,,,,,,
1077,fasten,?⑤떒??怨좎젙?쒗궎??以묎퀬,,,,,,,
1078,fat,?댁컧,珥덈벑,,,,,,
1079,fatal,移섎챸?곸씤,?꾨Ц,,,,,,
1080,fate,?숇챸,以묎퀬,,,,,,
1081,father,?꾨쾭吏,珥덈벑,,,,,,
1082,fault,寃곗젏,以묎퀬,,,,,,
1083,favor,?몄쓽,以묎퀬,favour,,,,,
1084,favorite,留덉쓬???쒕뒗 醫뗭븘?섎뒗 臾쇨굔,珥덈벑,favourite,,,,,
1085,fear,?먮젮?,以묎퀬,,,,,,
1086,feature,?쇨뎬???앷???以묎퀬,,,,,,,
1087,federal,?곕갑???꾨Ц,,,,,,,
1088,fee,?붽툑,以묎퀬,,,,,,
1089,feed,?뚯떇(癒뱀씠)??二쇰떎,以묎퀬,,,,,,
1090,feel,留뚯졇蹂대떎,珥덈벑,,,,,,
1091,fellow,?숇Т,以묎퀬,,,,,,
1092,female,?ъ꽦,以묎퀬,,,,,,
1093,ferry,?섎（??以묎퀬,,,,,,,
1094,fertile,鍮꾩삦???꾨Ц,,,,,,,
1095,fever,??珥덈벑,,,,,,,
1096,few,?뚯닔??以묎퀬,,,,,,,
1097,fiber,?ъ쑀,以묎퀬,fibre,,,,,
1098,field,??珥덈벑,,,,,,,
1099,fierce,?됲룷??以묎퀬,,,,,,,
1100,fight,?몄?,珥덈벑,,,,,,
1101,figure,紐⑥뒿,以묎퀬,,,,,,
1102,file,醫낆씠?쇱슦媛?珥덈벑,,,,,,,
1103,fill,媛??梨꾩슦??珥덈벑,,,,,,,
1104,filter,?ш낵湲??ш낵?섎떎,以묎퀬,,,,,,
1105,final,理쒗썑??以묎퀬,,,,,,,
1106,finance,?ъ젙,以묎퀬,,,,,,
1107,find,諛쒓껄?섎떎,珥덈벑,,,,,,
1108,fine,?뚮???珥덈벑,,,,,,,
1109,finger,?먭????먭??쎌쓣 ???珥덈벑,,,,,,,
1110,finish,?앸궡??珥덈벑,,,,,,,
1111,finite,?쒖젙?섏뼱 ?덈뒗,以묎퀬,,,,,,
1112,fire,遺?珥덈벑,,,,,,,
1113,firm,援녹?,以묎퀬,,,,,,
1114,fish,臾쇨퀬湲?珥덈벑,,,,,,,
1115,fist,二쇰㉨,以묎퀬,,,,,,
1116,fit,留욌뒗,以묎퀬,,,,,,
1117,fix,怨좎젙?쒗궎??珥덈벑,,,,,,,
1118,flag,湲?珥덈벑,,,,,,,
1119,flame,遺덇퐙,以묎퀬,,,,,,
1120,flash,踰덉찉??以묎퀬,,,,,,,
1121,flat,?명룊??以묎퀬,,,,,,,
1122,flavor,(?낇듅??留?以묎퀬,flavour,,,,,,
1123,flaw,湲?以묎퀬,,,,,,,
1124,flee,?ъ븘?섎떎,?꾨Ц,,,,,,
1125,flesh,??以묎퀬,,,,,,,
1126,flexible,援щ?由ш린 ?ъ슫,以묎퀬,,,,,,
1127,flight,?좉린,以묎퀬,,,,,,
1128,flip,?湲곕떎 ???吏곸씠???湲곌린,?꾨Ц,,,,,,
1129,float,?⑤떎,以묎퀬,,,,,,
1130,flock,臾대━,以묎퀬,,,,,,
1131,flood,?띿닔,以묎퀬,,,,,,
1132,floor,留덈；諛붾떏,珥덈벑,,,,,,
1133,flourish,踰덉갹?섎떎,以묎퀬,,,,,,
1134,flow,?먮Ⅴ??以묎퀬,,,,,,,
1135,flower,苑?珥덈벑,,,,,,,
1136,fluid,?좊룞?깆쓽,?꾨Ц,,,,,,
1137,flush,?덉뭇?먮Ⅴ???꾨Ц,,,,,,,
1138,fly,?좊떎,珥덈벑,,,,,,
1139,focus,珥덉젏,珥덈벑,,,,,,
1140,fog,?덇컻,珥덈벑,,,,,,
1141,fold,二쇰쫫,以묎퀬,,,,,,
1142,folk,?щ엺??以묎퀬,,,,,,,
1143,follow,已볥떎,以묎퀬,,,,,,
1144,fond,醫뗭븘?섎뒗,?꾨Ц,,,,,,
1145,food,?뚯떇,珥덈벑,,,,,,
1146,fool,諛붾낫,珥덈벑,,,,,,
1147,foot,諛?珥덈벑,,,,,,,
1148,football,異뺢뎄,珥덈벑,,,,,,
1149,for,??좎뿉,珥덈벑,,,,,,
1150,forbid,湲덊븯??以묎퀬,,,,,,,
1151,force,??以묎퀬,,,,,,,
1152,forecast,?덉긽,以묎퀬,,,,,,
1153,forehead,?대쭏,以묎퀬,,,,,,
1154,foreign,?멸뎅??以묎퀬,,,,,,,
1155,forest,??珥덈벑,,,,,,,
1156,forever,?곸썝??珥덈벑,,,,,,,
1157,forget,?딅떎,珥덈벑,,,,,,
1158,forgive,?⑹꽌?섎떎,以묎퀬,,,,,,
1159,form,紐⑥뼇,珥덈벑,,,,,,
1160,formal,?뺤떇?곸쓽,以묎퀬,,,,,,
1161,format,(?쒖쟻??泥댁젣,以묎퀬,,,,,,
1162,formation,?뺤꽦,以묎퀬,,,,,,
1163,former,?댁쟾??以묎퀬,,,,,,,
1164,formula,怨듭떇,?꾨Ц,,,,,,
1165,forth,?욎쑝濡?以묎퀬,,,,,,,
1166,fortunate,?댁쥕?,以묎퀬,,,,,,
1167,fortune,??以묎퀬,,,,,,,
1168,forum,怨듦컻?좊줎??以묎퀬,,,,,,,
1169,forward,?욎そ??以묎퀬,,,,,,,
1170,foster,湲곕Ⅴ???꾨Ц,,,,,,,
1171,foundation,湲곗큹,以묎퀬,,,,,,
1172,fountain,??以묎퀬,,,,,,,
1173,fox,援먰솢???щ엺,珥덈벑,,,,,,
1174,fraction,遺꾩닔,?꾨Ц,,,,,,
1175,frame,援ъ“,以묎퀬,,,,,,
1176,framework,堉덈?,以묎퀬,,,,,,
1177,frankly,?붿쭅??以묎퀬,,,,,,,
1178,free,?먯쑀濡쒖슫,珥덈벑,,,,,,
1179,freeze,?쇰떎,以묎퀬,,,,,,
1180,frequent,鍮덈쾲??以묎퀬,,,,,,,
1181,fresh,?덈줈??珥덈벑,,,,,,,
1182,friend,移쒓뎄,珥덈벑,,,,,,
1183,fright,(媛묒옄湲??꾩뒿?섎뒗)怨듯룷,以묎퀬,,,,,,
1184,frog,媛쒓뎄由?珥덈벑,,,,,,,
1185,from,"(遺꾨━,?댄깉,異쒕컻??湲곗젏)-濡?遺??,珥덈벑,,
1186,front,?뺣㈃,珥덈벑,,
1187,frost,?쒕━,?꾨Ц,,
1188,frown,?덉궡??李뚰뫖由щ떎,以묎퀬,,
1189,fruit,怨쇱씪,珥덈벑,,
1190,frustrate,(怨꾪쉷 ?깆쓣)醫뚯젅?쒗궎??以묎퀬,,
1191,fry,湲곕쫫?쇰줈 ?湲곕떎,珥덈벑,,
1192,fuel,?곕즺,以묎퀬,,
1193,fulfil,?댄뻾?섎떎,以묎퀬,,
1194,full,媛?앹갔,珥덈벑,,
1195,fun,利먭굅???앷컖,珥덈벑,,
1196,function,湲곕뒫,以묎퀬,,
1197,fund,湲곌툑,以묎퀬,,
1198,fundamental,湲곗큹(湲곗?)??以묎퀬,,
1199,funeral,?μ궗,以묎퀬,,
1200,fur,紐⑦뵾,以묎퀬,,
1201,furious,?명븯???꾪럡?곕뒗,?꾨Ц,,
1202,furnish,怨듦툒?섎떎,?꾨Ц,,
1203,furniture,媛援?以묎퀬,,
1204,furthermore,?붿슦湲?以묎퀬,,
1205,fuse,?좉?,?꾨Ц,,
1206,future,誘몃옒,珥덈벑,,
1207,gain,?삳떎,以묎퀬,,
1208,gamble,?꾨컯?섎떎 ?꾨컯 ?꾨컯?댁꽌 ?껊떎,以묎퀬,,
1209,gang,????以묎퀬,,
1210,gap,媛덈씪吏???以묎퀬,,
1211,garage,李④퀬,以묎퀬,,
1212,garden,??珥덈벑,,
1213,gasoline,媛?붾┛,?꾨Ц,petrol,
1214,gate,臾?珥덈벑,,
1215,gather,洹몃윭紐⑥쑝??以묎퀬,,
1216,gaze,吏耳쒕낫???꾨Ц,,
1217,gear,?깅땲諛뷀?以묎퀬,,
1218,gender,??以묎퀬,,
1219,gene,?좎쟾(????以묎퀬,,
1220,general,?쇰컲?곸씤,以묎퀬,,
1221,generate,?노떎,?꾨Ц,,
1222,generation,?쇰?,以묎퀬,,
1223,generous,愿묐???以묎퀬,,
1224,genius,泥쒖옱,以묎퀬,,
1225,genre,?좏삎,以묎퀬,,
1226,gentle,?⑦솕??以묎퀬,,
1227,gentleman,?좎궗,珥덈벑,,
1228,genuine,吏꾩쭨??以묎퀬,,
1229,geography,吏由?以묎퀬,,
1230,geology,吏吏덊븰,以묎퀬,,
1231,gesture,紐몄쭞,珥덈벑,,
1232,get,?삳떎,珥덈벑,,
1233,ghost,?좊졊,珥덈벑,,
1234,giant,嫄곗씤,珥덈벑,,
1235,gift,?좊Ъ,珥덈벑,,
1236,giraffe,湲곕┛,珥덈벑,,
1237,girl,?뚮?,珥덈벑,,
1238,give,二쇰떎,珥덈벑,,
1239,glad,湲곗걶,珥덈벑,,
1240,glance,?섍툔 遊?以묎퀬,,
1241,glare,踰덉찉?대뒗 鍮??꾨Ц,,
1242,glass,?좊━,珥덈벑,,
1243,glimpse,?섎걮 遊??꾨Ц,,
1244,global,怨듬え?묒쓽,以묎퀬,,
1245,glory,?곴킅,以묎퀬,,
1246,glove,?κ컩,珥덈벑,,
1247,glow,???以묎퀬,,
1248,glue,?꾧탳,珥덈벑,,
1249,go,媛??珥덈벑,,
1250,goal,寃곗듅??珥덈벑,,
1251,goat,?쇱냼,以묎퀬,,
1252,god,??珥덈벑,,
1253,gold,湲?珥덈벑,,
1254,good,醫뗭?,珥덈벑,,
1255,goodbye,?덈뀞??媛?몄슂,珥덈벑,,
1256,goods,?곹뭹,以묎퀬,,
1257,gorgeous,?명솕濡쒖슫,以묎퀬,,
1258,govern,?ㅼ뒪由щ떎,以묎퀬,,
1259,grab,遺숈옟??=snatch),以묎퀬,,
1260,grace,?珥?以묎퀬,,
1261,grade,?깃툒,以묎퀬,,
1262,gradual,?먯감?곸씤,以묎퀬,,
1263,graduate,?숈쐞瑜??섏뿬?섎떎,以묎퀬,,
1264,grain,怨〓Ъ,以묎퀬,,
1265,grand,?꾨???以묎퀬,,
1266,grandfather,?좎븘踰꾩?,珥덈벑,,
1267,grant,諛쏆븘?ㅼ씠??以묎퀬,,
1268,grape,?щ룄,珥덈벑,,
1269,graphic,洹몃젮 ?볦? ??븳,以묎퀬,,
1270,grasp,遺숈옟???꾨Ц,,
1271,grass,?諛?珥덈벑,,
1272,grateful,怨좊쭥寃??앷컖?섎뒗,以묎퀬,,
1273,grave,臾대뜡,以묎퀬,,
1274,great,而ㅻ떎?,珥덈벑,,
1275,greed,?먯슃,以묎퀬,,
1276,green,珥덈줉??珥덈벑,,
1277,greet,?몄궗?섎떎,以묎퀬,,
1278,grey,?뚯깋??珥덈벑,gray,
1279,grief,?ы븳 ?ы뵒(deep sorrow),以묎퀬,,
1280,grip,?↔린,以묎퀬,,
1281,grocery,?앺뭹?≫솕瑜?以묎퀬,,
1282,gross,珥앷퀎???꾨Ц,,
1283,ground,??珥덈벑,,
1284,group,吏묐떒,珥덈벑,,
1285,grow,?깆옣?섎떎,珥덈벑,,
1286,guarantee,蹂댁쬆?섎떎,以묎퀬,,
1287,guardian,蹂댄샇???꾨Ц,,
1288,guess,異붿륫(吏먯옉)?섎떎,珥덈벑,,
1289,guest,?먮떂,以묎퀬,,
1290,guide,?대걣??珥덈벑,,
1291,guideline,吏移?以묎퀬,,
1292,guilty,二꾩??,以묎퀬,,
1293,gulf,留??꾨Ц,,
1294,gun,珥?以묎퀬,,
1295,guy,???珥덈벑,,
1296,gymnasium,?ㅻ궡泥댁“??以묎퀬,gym,
1297,habit,?듦?,珥덈벑,,
1298,habitat,(?숇Ъ???먯뿰踰덉떇吏,?꾨Ц,,
1299,hair,??珥덈벑,,
1300,half,諛?以묎퀬,,
1301,hall,?뚭?,以묎퀬,,
1302,halt,硫덉떠?쒕떎,?꾨Ц,,
1303,hammer,留앹튂,以묎퀬,,
1304,hand,??珥덈벑,,
1305,handicap,遺덈━??議곌굔,以묎퀬,,
1306,handle,?먯옟??以묎퀬,,
1307,handsome,?쇨뎬(?먰깭)???섏깮湲?珥덈벑,,
1308,hang,嫄몃떎,珥덈벑,,
1309,happen,(?ш굔 ?깆씠)?쇱뼱?섎떎,以묎퀬,,
1310,happy,?됱슫??珥덈벑,,
1311,harbor,??뎄,以묎퀬,harbour,
1312,hard,?⑤떒??珥덈벑,,
1313,hardly,嫄곗쓽 -?꾨땲??以묎퀬,,
1314,harm,??以묎퀬,,
1315,harsh,嫄곗튇,以묎퀬,,
1316,harvest,?섑솗,以묎퀬,,
1317,haste,湲됲븿,以묎퀬,,
1318,hat,(?뚯엳??紐⑥옄 紐⑥옄瑜??뚯슦??珥덈벑,,
1319,hate,誘몄썙?섎떎,珥덈벑,,
1320,haunt,?먯＜媛???꾨Ц,,
1321,have,媛吏(怨?????珥덈벑,,
1322,hazard,?꾪뿕,以묎퀬,,
1323,he,(3?몄묶?⑥닔 ?⑥꽦)洹?珥덈벑,,
1324,head,癒몃━,珥덈벑,,
1325,headache,?먰넻,珥덈벑,,
1326,headquarters,蹂몃?,?꾨Ц,,
1327,heal,怨좎튂??以묎퀬,,
1328,health,嫄닿컯,以묎퀬,,
1329,hear,?ｋ떎,以묎퀬,,
1330,heart,?ъ옣,珥덈벑,,
1331,heat,??珥덈벑,,
1332,heaven,?섎뒛,珥덈벑,,
1333,heavy,臾닿굅??珥덈벑,,
1334,heel,諛쒕뮘轅덉튂,以묎퀬,,
1335,height,?믪씠,以묎퀬,,
1336,heir,?곸냽???꾨Ц,,
1337,helicopter,?щ━肄ν꽣,珥덈벑,,
1338,hell,吏??以묎퀬,,
1339,hello,?щ낫,珥덈벑,hey,hi
1340,help,?뺣떎,珥덈벑,,
1341,hence,洹몃윭誘濡??꾨Ц,,
1342,here,?ш린??珥덈벑,,
1343,heritage,?몄뒿 ?ъ궛,?꾨Ц,,
1344,hero,?곸썒,珥덈벑,,
1345,hesitate,二쇱??섎떎,以묎퀬,,
1346,hide,媛먯텛??以묎퀬,,
1347,high,?믪?,珥덈벑,,
1348,highway,???以묎퀬,,
1349,hill,?몃뜒"," ??? ???몃룄 怨좎?""",珥덈벑,,,,,
1350,hip,?됰뜦??以묎퀬,,,,,,,
1351,hire,怨좎슜?섎떎,以묎퀬,,,,,,
1352,history,??궗,珥덈벑,,,,,,
1353,hit,紐낆쨷?섎떎,珥덈벑,,,,,,
1354,hobby,痍⑤?,珥덈벑,,,,,,
1355,hold,?먯뿉 媛뽮퀬 ?덈떎,珥덈벑,,,,,,
1356,hole,援щ찉,以묎퀬,,,,,,
1357,holiday,?댁씪,珥덈벑,,,,,,
1358,holy,?좎꽦??以묎퀬,,,,,,,
1359,home,媛??珥덈벑,,,,,,,
1360,homework,?숈젣,珥덈벑,,,,,,
1361,honest,?뺤쭅??珥덈벑,,,,,,,
1362,honey,踰뚭?,珥덈벑,,,,,,
1363,honor,紐낆삁,以묎퀬,honour,,,,,
1364,hook,媛덇퀬由??꾨Ц,,,,,,,
1365,hope,?щ쭩,珥덈벑,,,,,,
1366,horizon,吏?됱꽑,以묎퀬,,,,,,
1367,horn,肉??꾨Ц,,,,,,,
1368,horror,怨듯룷,以묎퀬,,,,,,
1369,horse,留?珥덈벑,,,,,,,
1370,hospital,蹂묒썝,珥덈벑,,,,,,
1371,host,"二쇱씤, 吏묒＜???몃쫯, ?몄뒪??,以묎퀬,,
1372,hostage,蹂쇰え,?꾨Ц,,
1373,hostile,諛섎??섎뒗,?꾨Ц,,
1374,hot,?④굅??珥덈벑,,
1375,hour,?쒓컙,珥덈벑,,
1376,house,吏?珥덈벑,,
1377,household,媛議?以묎퀬,,
1378,how,?대뼸寃?珥덈벑,,
1379,however,?꾨Т由?珥덈벑,,
1380,hug,瑗?猿댁븞??以묎퀬,,
1381,huge,嫄곕???以묎퀬,,
1382,human,?멸컙??珥덈벑,,
1383,humor,?좎슦癒?珥덈벑,humour,
1384,hundred,100 100??珥덈벑,,
1385,hungry,諛곌퀬??珥덈벑,,
1386,hunt,?щ깷?섎떎,珥덈벑,,
1387,hurry,?쒕몢瑜대떎,珥덈벑,,
1388,hurt,?곸쿂?대떎,以묎퀬,,
1389,husband,?⑦렪 ?덉빟?섎떎,珥덈벑,,
1390,hut,?ㅻ몢留?以묎퀬,,
1391,hypothesis,媛???꾨Ц,,
1392,I,?섎뒗"," ?닿?""",珥덈벑,,,,,
1393,ice,?쇱쓬,珥덈벑,,,,,,
1394,idea,愿??珥덈벑,,,,,,,
1395,ideal,?댁긽,以묎퀬,,,,,,
1396,identical,?꾩＜ ?숈씪??以묎퀬,,,,,,,
1397,identify,?숈씪?쒗븯??以묎퀬,,,,,,,
1398,ideology,怨듬━,?꾨Ц,,,,,,
1399,if,留뚯씪 -?대씪硫?珥덈벑,,,,,,,
1400,ignore,臾댁떆?섎떎,以묎퀬,,,,,,
1401,ill,蹂묐뱺,以묎퀬,,,,,,
1402,illusion,?섏쁺,?꾨Ц,,,,,,
1403,illustrate,?ㅻ챸?섎떎,以묎퀬,,,,,,
1404,imagine,?곸긽?섎떎,以묎퀬,,,,,,
1405,imitate,?됰궡?대떎,以묎퀬,,,,,,
1406,immediate,吏곸젒??以묎퀬,,,,,,,
1407,immense,臾댄븳???꾨Ц,,,,,,,
1408,immigrate,?댁＜?섎떎,?꾨Ц,,,,,,
1409,immune,硫댁뿭?깆쓽,以묎퀬,,,,,,
1410,impact,異⑷꺽,以묎퀬,,,,,,
1411,imperial,?쒓뎅??以묎퀬,,,,,,,
1412,implement,湲곌뎄,?꾨Ц,,,,,,
1413,imply,?⑥텞?섎떎,?꾨Ц,,,,,,
1414,import,?섏엯?섎떎,以묎퀬,,,,,,
1415,important,以묒슂??珥덈벑,,,,,,,
1416,impose,遺怨쇳븯???꾨Ц,,,,,,,
1417,impress,?몄긽吏?곕떎,以묎퀬,,,,,,
1418,improve,媛쒖꽑?섎떎,以묎퀬,,,,,,
1419,in,-?띿뿉,珥덈벑,,,,,,
1420,incentive,?먭레?곸씤,以묎퀬,,,,,,
1421,incident,?ш굔,以묎퀬,,,,,,
1422,incline,湲곗슱?대떎,?꾨Ц,,,,,,
1423,include,?ы븿?섎떎,以묎퀬,,,,,,
1424,income,?섏엯,以묎퀬,,,,,,
1425,incorporate,?⑸룞?쒗궎???꾨Ц,,,,,,,
1426,increase,?섎떎,以묎퀬,,,,,,
1427,incredible,誘우쓣 ???녿뒗,以묎퀬,,,,,,
1428,indeed,李몄쑝濡?以묎퀬,,,,,,,
1429,independent,?낅┰??以묎퀬,,,,,,,
1430,index,?됱씤,?꾨Ц,,,,,,
1431,indicate,吏?곹븯??以묎퀬,,,,,,,
1432,individual,媛쒖씤,以묎퀬,,,,,,
1433,induce,袁???꾨Ц,,,,,,,
1434,industry,怨듭뾽,以묎퀬,,,,,,
1435,inevitable,?쇳븷 ???녿뒗,?꾨Ц,,,,,,
1436,infant,?좎븘,以묎퀬,,,,,,
1437,infect,媛먯뿼?쒗궎???꾨Ц,,,,,,,
1438,infer,異붾줎?섎떎,?꾨Ц,,,,,,
1439,inflate,遺?寃??섎떎,?꾨Ц,,,,,,
1440,influence,?곹뼢??以묎퀬,,,,,,,
1441,inform,?뚮━??以묎퀬,,,,,,,
1442,informal,鍮꾧났?앹쓽,以묎퀬,,,,,,
1443,ingredient,?깅텇,以묎퀬,,,,,,
1444,inhabit,?대떎,以묎퀬,,,,,,
1445,inherent,?앺깭???꾨Ц,,,,,,,
1446,inhibit,湲덊븯???꾨Ц,,,,,,,
1447,initial,泥섏쓬??以묎퀬,,,,,,,
1448,initiate,?쒖옉?섎떎,以묎퀬,,,,,,
1449,inject,二쇱궗?섎떎,以묎퀬,,,,,,
1450,injure,?댁튂??以묎퀬,,,,,,,
1451,inn,?ъ씤??以묎퀬,,,,,,,
1452,innocent,臾닿뎄??以묎퀬,,,,,,,
1453,innovate,?덈∼寃??섎떎,以묎퀬,,,,,,
1454,input,?ъ엯,以묎퀬,,,,,,
1455,inquire,臾삳떎,?꾨Ц,enquire,,,,,
1456,insect,怨ㅼ땐,以묎퀬,,,,,,
1457,insert,?쇱썙?ｋ떎,以묎퀬,,,,,,
1458,inside,?덉そ,珥덈벑,,,,,,
1459,insight,?듭같(??,以묎퀬,,,,,,
1460,insist,二쇱옣?섎떎,以묎퀬,,,,,,
1461,inspect,寃?ы븯??以묎퀬,,,,,,,
1462,inspire,?곴컧??二쇰떎,以묎퀬,,,,,,
1463,install,?ㅼ튂?섎떎,以묎퀬,,,,,,
1464,instance,?ㅻ?,以묎퀬,,,,,,
1465,instant,利됱떆??以묎퀬,,,,,,,
1466,instead,洹???좎뿉,以묎퀬,,,,,,
1467,instinct,蹂몃뒫,以묎퀬,,,,,,
1468,institute,留뚮뱾??以묎퀬,,,,,,,
1469,instruct,媛瑜댁튂??以묎퀬,,,,,,,
1470,instrument,湲곌뎄,以묎퀬,,,,,,
1471,insult,紐⑥슃?섎떎,以묎퀬,,,,,,
1472,insure,蹂댁쬆?섎떎,以묎퀬,,,,,,
1473,integrate,?듯빀?섎떎,?꾨Ц,,,,,,
1474,intellectual,吏?곸씤,以묎퀬,,,,,,
1475,intelligent,吏?곸씤,以묎퀬,,,,,,
1476,intend,-???묒젙?대떎,以묎퀬,,,,,,
1477,intense,媛뺣젹??以묎퀬,,,,,,,
1478,intent,?섑뼢,以묎퀬,,,,,,
1479,interact,?쒕줈 ?묒슜?섎떎,以묎퀬,,,,,,
1480,interest,?λ?,以묎퀬,,,,,,
1481,interfere,媛꾩꽠?섎떎,以묎퀬,,,,,,
1482,intermediate,以묎컙??以묎컙臾?以묎퀬,,,,,,,
1483,internal,?대???以묎퀬,,,,,,,
1484,international,援?젣?곸씤,以묎퀬,,,,,,
1485,interpret,?댁꽍?섎떎,以묎퀬,,,,,,
1486,interrupt,?쇰갑?볥떎,以묎퀬,,,,,,
1487,interval,媛꾧꺽,以묎퀬,,,,,,
1488,intervene,?ъ씠???ㅻ떎,?꾨Ц,,,,,,
1489,intimate,移쒕???以묎퀬,,,,,,,
1490,into,-?덉쑝濡?珥덈벑,,,,,,,
1491,intrigue,?뚮え,?꾨Ц,,,,,,
1492,introduce,?덉쑝濡??ㅼ씠??珥덈벑,,,,,,,
1493,invade,移⑥엯?섎떎,以묎퀬,,,,,,
1494,invent,諛쒕챸?섎떎,以묎퀬,,,,,,
1495,invest,?ъ옄?섎떎,以묎퀬,,,,,,
1496,investigate,議곗궗?섎떎,以묎퀬,,,,,,
1497,invite,珥덈??섎떎,珥덈벑,,,,,,
1498,involve,留먯븘?ｋ떎,以묎퀬,,,,,,
1499,iron,??以묎퀬,,,,,,,
1500,irony,諛섏뼱,以묎퀬,,,,,,
1501,irritate,?명븯寃??섎떎,以묎퀬,,,,,,
1502,island,??以묎퀬,,,,,,,
1503,isolate,怨좊┰?쒗궎??以묎퀬,,,,,,,
1504,it,洹멸쾬?,珥덈벑,,,,,,
1505,item,議고빆,以묎퀬,,,,,,
1506,jail,援먮룄??以묎퀬,,,,,,,
1507,jar,(?꾧?由ш? ?볦?)??븘由?以묎퀬,,,,,,,
1508,jaw,??以묎퀬,,,,,,,
1509,jeans,泥?컮吏,珥덈벑,,,,,,
1510,jet,(媛?ㅻ벑??遺꾩텧,以묎퀬,,,,,,
1511,job,??珥덈벑,,,,,,,
1512,jog,?댁쭩 諛???쒖빱???吏곸씠??怨좊Ⅴ吏 ?딆쓬,以묎퀬,,,,,,
1513,join,寃고빀?섎떎,珥덈벑,,,,,,
1514,joint,?댁쓬留?以묎퀬,,,,,,,
1515,joke,?띾떞,以묎퀬,,,,,,
1516,journal,?쇨컙?좊Ц,以묎퀬,,,,,,
1517,journey,?ы뻾,以묎퀬,,,,,,
1518,joy,利먭굅?,珥덈벑,,,,,,
1519,judge,?ы뙋愿,以묎퀬,,,,,,
1520,judicial,?щ쾿???꾨Ц,,,,,,,
1521,junior,?먯븘?섏궗??以묎퀬,,,,,,,
1522,jury,諛곗떖,以묎퀬,,,,,,
1523,just,?щ컮瑜?珥덈벑,,,,,,,
1524,justice,?뺤쓽,以묎퀬,,,,,,
1525,justify,?노떎怨??섎떎,以묎퀬,,,,,,
1526,keen,?좎뭅濡쒖슫,?꾨Ц,,,,,,
1527,keep,怨꾩냽?섎떎,珥덈벑,,,,,,
1528,key,?댁뇿,珥덈벑,,,,,,
1529,kick,嫄룹뼱李⑤떎,珥덈벑,,,,,,
1530,kid,?꾩씠,珥덈벑,,,,,,
1531,kill,二쎌씠??珥덈벑,,,,,,,
1532,kind,移쒖젅??珥덈벑,,,,,,,
1533,king,??珥덈벑,,,,,,,
1534,kit,?곗옣??以묎퀬,,,,,,,
1535,kitchen,遺??珥덈벑,,,,,,,
1536,knee,臾대쫷,以묎퀬,,,,,,
1537,knife,?섏씠??珥덈벑,,,,,,,
1538,knight,(以묒꽭??湲곗궗,以묎퀬,,,,,,
1539,knock,移섎떎,以묎퀬,,,,,,
1540,knot,留ㅻ벊(=tie),?꾨Ц,,,,,,
1541,know,?뚮떎,珥덈벑,,,,,,
1542,label,?쇰꺼,以묎퀬,,,,,,
1543,labor,?몃룞,以묎퀬,labour,,,,,
1544,laboratory,?ㅽ뿕??以묎퀬,lab,,,,,,
1545,lack,寃고븤,以묎퀬,,,,,,
1546,ladder,?щ떏?ㅻ━,以묎퀬,,,,,,
1547,lady,洹遺??珥덈벑,,,,,,,
1548,lake,?몄닔,珥덈벑,,,,,,
1549,lamb,?대┛ ??以묎퀬,,,,,,,
1550,lamp,??以묎퀬,,,,,,,
1551,land,萸?珥덈벑,,,,,,,
1552,landscape,?띻꼍,以묎퀬,,,,,,
1553,lane,醫곸?湲?以묎퀬,,,,,,,
1554,language,?몄뼱,以묎퀬,,,,,,
1555,lap,臾대쫷,以묎퀬,,,,,,
1556,large,??珥덈벑,,,,,,,
1557,last,怨꾩냽?섎떎,珥덈벑,,,,,,
1558,late,???,珥덈벑,,,,,,
1559,latter,?ㅼそ??以묎퀬,,,,,,,
1560,laugh,(?뚮━?댁뼱)?껊떎,以묎퀬,,,,,,
1561,launch,吏꾩닔?쒗궎??以묎퀬,,,,,,,
1562,laundry,?명긽臾?以묎퀬,,,,,,,
1563,law,踰뺣쪧,以묎퀬,,,,,,
1564,lawn,?붾뵒諛?以묎퀬,,,,,,,
1565,lawyer,踰뺣쪧媛,以묎퀬,,,,,,
1566,lay,?뺥엳??以묎퀬,,,,,,,
1567,layer,痢?以묎퀬,,,,,,,
1568,lazy,寃뚯쑝瑜?珥덈벑,,,,,,,
1569,lead,?대걣??以묎퀬,,,,,,,
1570,leaf,??珥덈벑,,,,,,,
1571,leak,??以묎퀬,,,,,,,
1572,lean,湲곕???以묎퀬,,,,,,,
1573,leap,猿묒땐 ?곕떎,以묎퀬,,,,,,
1574,learn,諛곗슦??珥덈벑,,,,,,,
1575,lease,?꾨?李??꾨Ц,,,,,,,
1576,leather,臾대몢吏덊븳 媛二?以묎퀬,,,,,,,
1577,leave,?④린怨좉???以묎퀬,,,,,,,
1578,lecture,媛뺤쓽,以묎퀬,,,,,,
1579,left,?쇱そ??珥덈벑,,,,,,,
1580,leg,?ㅻ━,珥덈벑,,,,,,
1581,legal,踰뺣쪧?곸쓽,以묎퀬,,,,,,
1582,legend,?꾩꽕,以묎퀬,,,,,,
1583,legislate,踰뺣쪧???쒖젙?섎떎,?꾨Ц,,,,,,
1584,legitimate,?⑸쾿???꾨Ц,,,,,,,
1585,leisure,??以묎퀬,,,,,,,
1586,lend,鍮뚮━??以묎퀬,,,,,,,
1587,lesson,?숆낵,珥덈벑,,,,,,
1588,let,?쒗궎??以묎퀬,,,,,,,
1589,letter,?몄?,珥덈벑,,,,,,
1590,level,?섑룊??以묎퀬,,,,,,,
1591,liberal,?먯쑀二쇱쓽??以묎퀬,,,,,,,
1592,liberty,?먯쑀,以묎퀬,,,,,,
1593,library,?꾩꽌愿,珥덈벑,,,,,,
1594,license,硫댄뿀,以묎퀬,licence,,,,,
1595,lid,?쒓퍚,以묎퀬,,,,,,
1596,lie,?뺣떎,珥덈벑,,,,,,
1597,lift,?뚯뼱?щ━??以묎퀬,,,,,,,
1598,light,鍮?珥덈벑,,,,,,,
1599,like,醫뗭븘?섎떎,珥덈벑,,,,,,
1600,likely,?덉쓣 踰뺥븳,以묎퀬,,,,,,
1601,likewise,"媛숈씠, 留덉갔媛吏濡?,以묎퀬,,
1602,limit,?쒓퀎,以묎퀬,,
1603,line,??珥덈벑,,
1604,linguistic,留먯쓽,以묎퀬,,
1605,link,?ъ뒳??怨좊━,以묎퀬,,
1606,lion,?ъ옄,珥덈벑,,
1607,lip,?낆닠,珥덈벑,,
1608,liquid,?≪껜,以묎퀬,,
1609,list,?쇰엺??以묎퀬,,
1610,listen,寃쎌껌?섎떎,珥덈벑,,
1611,literal,臾몄옄???꾨Ц,,
1612,literature,臾명븰,以묎퀬,,
1613,little,?묒?,珥덈벑,,
1614,live,?대떎,珥덈벑,,
1615,livingroom,嫄곗떎,珥덈벑,,
1616,load,吏?以묎퀬,,
1617,loan,?遺,以묎퀬,,
1618,local,?μ냼??以묎퀬,,
1619,locate,愿泥??깆쓣 ?먮떎,以묎퀬,,
1620,lock,?먮Ъ??以묎퀬,,
1621,log,?듬굹臾?以묎퀬,,
1622,logic,?쇰━??以묎퀬,,
1623,lone,?쇱옄???꾨Ц,,
1624,long,(湲몄씠",?쒓컙 ??湲?,珥덈벑,,,,,
1625,look,蹂대떎,珥덈벑,,,,,,
1626,loose,??댁쭊,以묎퀬,,,,,,
1627,lose,?껊떎,以묎퀬,,,,,,
1628,loss,?껋쓬,以묎퀬,,,,,,
1629,lot,?쒕퉬,以묎퀬,,,,,,
1630,loud,?쒕걚?ъ슫,以묎퀬,,,,,,
1631,lounge,鍮덈뫁嫄곕━??以묎퀬,,,,,,,
1632,love,?щ옉,珥덈벑,,,,,,
1633,low,???,珥덈벑,,,,,,
1634,loyal,異⑹꽦?ㅻ윭??以묎퀬,,,,,,,
1635,luck,??珥덈벑,,,,,,,
1636,lump,?⑹뼱由??꾨Ц,,,,,,,
1637,lunch,?먯떖,珥덈벑,,,,,,
1638,luxury,?ъ튂,以묎퀬,,,,,,
1639,machine,湲곌퀎,以묎퀬,,,,,,
1640,mad,誘몄튇,珥덈벑,,,,,,
1641,magazine,?≪?,以묎퀬,,,,,,
1642,magnet,?먯꽍,以묎퀬,,,,,,
1643,magnificent,?λ????꾨Ц,,,,,,,
1644,mail,?고렪臾?珥덈벑,,,,,,,
1645,main,二쇱슂??以묎퀬,,,,,,,
1646,maintain,怨꾩냽?섎떎,以묎퀬,,,,,,
1647,major,?곗そ??以묎퀬,,,,,,,
1648,majority,??ㅼ닔,以묎퀬,,,,,,
1649,make,留뚮뱾??珥덈벑,,,,,,,
1650,male,?⑥꽦??以묎퀬,,,,,,,
1651,man,?⑥옄,珥덈벑,,,,,,
1652,manage,愿由ы븯??以묎퀬,,,,,,,
1653,manifest,紐낅갚???섎떎,?꾨Ц,,,,,,
1654,manipulate,(?먯쑝濡??ㅻ（???꾨Ц,,,,,,,
1655,manner,諛⑸쾿,以묎퀬,,,,,,
1656,manufacture,?쒖“?섎떎,以묎퀬,,,,,,
1657,many,留롮?,珥덈벑,,,,,,
1658,map,吏??珥덈벑,,,,,,,
1659,margin,媛?μ옄由?以묎퀬,,,,,,,
1660,marine,諛붾떎??以묎퀬,,,,,,,
1661,mark,??以묎퀬,,,,,,,
1662,marry,寃고샎?섎떎,珥덈벑,,,,,,
1663,marvel,寃쎌씠,以묎퀬,,,,,,
1664,mass,?⑹뼱由?以묎퀬,,,,,,,
1665,master,??以묎퀬,,,,,,,
1666,match,?깅깷,以묎퀬,,,,,,
1667,mate,?곷?,以묎퀬,,,,,,
1668,material,?먮즺,以묎퀬,,,,,,
1669,mathematics,?섑븰,珥덈벑,maths,math,,,,
1670,matter,臾쇱쭏,以묎퀬,,,,,,
1671,mature,?듭?,以묎퀬,,,,,,
1672,maximum,理쒓퀬??以묎퀬,,,,,,,
1673,may,"5?? 泥?텣, ?몄깮??遊? ?곗궗?섎Т, ?꾧??꾨굹臾?,珥덈벑,,
1674,maybe,?꾨쭏,以묎퀬,,
1675,mayor,?쒖옣,以묎퀬,,
1676,meal,?앹궗,以묎퀬,,
1677,mean,?섎??섎떎,以묎퀬,,
1678,meantime,洹몃룞??洹??ъ씠??以묎퀬,,
1679,meanwhile,洹몃룞???꾨Ц,,
1680,measure,?щ떎,以묎퀬,,
1681,meat,(?앹슜吏먯듅??怨좉린,珥덈벑,,
1682,mechanic,吏곴났,以묎퀬,,
1683,mechanism,(湲곌퀎)?μ튂,以묎퀬,,
1684,mediate,以묒옱?섎떎,以묎퀬,,
1685,medical,?섑븰??以묎퀬,,
1686,medicine,??以묎퀬,,
1687,medieval,以묒꽭(?????꾨Ц,,
1688,medium,以묎컙,以묎퀬,,
1689,meet,-??留뚮굹??珥덈벑,,
1690,melt,?밸떎,以묎퀬,,
1691,memory,湲곗뼲,珥덈벑,,
1692,mental,留덉쓬??以묎퀬,,
1693,mention,留먰븯??以묎퀬,,
1694,merchant,?곸씤,以묎퀬,,
1695,mere,?⑥닚???꾨Ц,,
1696,merge,?⑸퀝?섎떎,?꾨Ц,,
1697,merit,?μ젏,以묎퀬,,
1698,mess,?쇰?,以묎퀬,,
1699,metal,湲덉냽,以묎퀬,,
1700,method,諛⑸쾿,以묎퀬,,
1701,metropolitan,?섎룄沅???,?꾨Ц,,
1702,microphone,?뺤꽦湲?以묎퀬,,
1703,microwave,洹뱀큹?⑦뙆 ?꾩옄?덉씤吏濡??붾━?섎떎,以묎퀬,,
1704,middle,?쒕났?먯쓽,珥덈벑,,
1705,might,??珥덈벑,,
1706,migrate,?댁＜?섎떎,?꾨Ц,,
1707,mild,?⑦썑??以묎퀬,,
1708,military,援곗쓽,以묎퀬,,
1709,milk,??珥덈벑,,
1710,mill,硫㏓룎,以묎퀬,,
1711,million,諛깅쭔,以묎퀬,,
1712,mind,留덉쓬,珥덈벑,,
1713,miner,愿묒궛?낆옄,以묎퀬,,
1714,mineral,愿묐Ъ,以묎퀬,,
1715,minimal,理쒖냼(?쒕룄)??以묎퀬,,
1716,minimum,理쒖냼 ?쒕룄,以묎퀬,,
1717,ministry,?κ?(紐⑹궗)??吏??뚯엫),以묎퀬,,
1718,minor,?묒? ?몄쓽,以묎퀬,,
1719,minute,遺?以묎퀬,,
1720,miracle,湲곗쟻,以묎퀬,,
1721,mirror,嫄곗슱,珥덈벑,,
1722,miss,誘명샎 ?ъ꽦 ?ㅼ닔?섎떎,珥덈벑,,
1723,missile,誘몄궗??以묎퀬,,
1724,mission,?щ챸,以묎퀬,,
1725,mistake,?由щ떎,以묎퀬,,
1726,mix,?욌떎,以묎퀬,,
1727,mobile,?吏곸씠湲??ъ슫,以묎퀬,,
1728,mock,議곕”?섎떎,?꾨Ц,,
1729,mode,諛⑸쾿,以묎퀬,,
1730,moderate,?덉젣?섎뒗,?꾨Ц,,
1731,modern,?꾨???以묎퀬,,
1732,modest,寃몄넀???꾨Ц,,
1733,modify,蹂寃쏀븯???꾨Ц,,
1734,moisture,?듦린,以묎퀬,,
1735,molecule,遺꾩옄,?꾨Ц,,
1736,moment,?쒓컙,以묎퀬,,
1737,money,湲덉쟾,珥덈벑,,
1738,monitor,異⑷퀬??以묎퀬,,
1739,monkey,?먯댂??珥덈벑,,
1740,monster,愿대Ъ,以묎퀬,,
1741,month,??珥덈벑,,
1742,monument,湲곕뀗鍮??꾨Ц,,
1743,mood,(?쇱떆?곸씤)湲곕텇,以묎퀬,,
1744,moon,??珥덈벑,,
1745,moral,?꾨뜒??以묎퀬,,
1746,moreover,洹??꾩뿉,以묎퀬,,
1747,morning,?꾩묠,珥덈벑,,
1748,mortal,二쎌쓣?대챸???꾨Ц,,
1749,mother,?대㉧??珥덈벑,,
1750,motion,?대룞,以묎퀬,,
1751,motive,?숆린,以묎퀬,,
1752,mount,??以묎퀬,,
1753,mountain,??珥덈벑,,
1754,mouse,?덉븰伊?珥덈벑,,
1755,mouth,??珥덈벑,,
1756,move,?吏곸씠??珥덈벑,,
1757,movie,?곹솕,珥덈벑,,
1758,much,留롮?,珥덈벑,,
1759,mud,吏꾪쓾,以묎퀬,,
1760,multiple,蹂듯빀??以묎퀬,,
1761,multiply,?섎━??以묎퀬,,
1762,murder,?댁씤,以묎퀬,,
1763,muscle,洹쇱쑁,以묎퀬,,
1764,museum,諛뺣Ъ愿,珥덈벑,,
1765,mushroom,踰꾩꽢,以묎퀬,,
1766,music,?뚯븙,珥덈벑,,
1767,must,-?댁빞 ?쒕떎,珥덈벑,,
1768,mutual,?곹샇???꾨Ц,,
1769,myth,?좏솕,以묎퀬,,
1770,nail,?먰넲,以묎퀬,,
1771,naive,?뚮컯???꾨Ц,,
1772,naked,諛쒓?踰쀬?,以묎퀬,,
1773,name,?대쫫,珥덈벑,,
1774,nanny,?좊え,?꾨Ц,,
1775,narrate,?댁빞湲고븯??以묎퀬,,
1776,narrow,醫곸?,以묎퀬,,
1777,nasty,遺덉풄???꾨Ц,,
1778,nation,援??,珥덈벑,,
1779,native,?怨좊궃,以묎퀬,,
1780,nature,?먯뿰,珥덈벑,,
1781,navy,?닿뎔(??,以묎퀬,,
1782,near,媛源뚯씠 -??媛源뚯씠??媛源뚯슫 ?묎렐?섎떎,珥덈벑,,
1783,neat,?곕쑜??以묎퀬,,
1784,necessary,?꾩슂??以묎퀬,,
1785,neck,紐?珥덈벑,,
1786,need,?꾩슂,珥덈벑,,
1787,needle,諛붾뒛 諛붾뒛濡?轅곕ℓ??諛붾뒓吏덊븯???꾩뒳?꾩뒳??以묎퀬,,
1788,negative,遺?뺤쟻??以묎퀬,,
1789,neglect,寃뚯쓣由??섎떎,以묎퀬,,
1790,negotiate,援먯꽠?섎떎,以묎퀬,,
1791,neighbor,?댁썐?щ엺(?섎씪),以묎퀬,neighbour,
1792,neither,(?섏쨷)?대뒓履쎈룄 -?꾨땲??-???꾨땲??以묎퀬,,
1793,nephew,議곗뭅,以묎퀬,,
1794,nervous,?좉꼍??以묎퀬,,
1795,nest,蹂닿툑?먮━,以묎퀬,,
1796,net,洹몃Ъ,以묎퀬,,
1797,network,洹몃Ъ?멸났,以묎퀬,,
1798,neutral,以묐┰??以묎퀬,,
1799,never,寃곗퐫 -?꾨땲??珥덈벑,,
1800,nevertheless,洹몃읆?먮룄 遺덇뎄?섍퀬,以묎퀬,,
1801,new,?덈줈??珥덈벑,,
1802,newspaper,?좊Ц,珥덈벑,,
1803,next,?ㅼ쓬??珥덈벑,,
1804,nice,?덉뒪(?꾨옉???⑤?????뎄?꾩떆),珥덈벑,,
1805,night,諛?珥덈벑,,
1806,nightmare,?낅そ,以묎퀬,,
1807,no,臾댁쓽,珥덈벑,nope,nay
1808,noble,怨좉???以묎퀬,,
1809,nobody,?꾨Т??-?딅떎 ?섏갖? ?щ엺,以묎퀬,,
1810,nod,?꾨뜒?대떎,以묎퀬,,
1811,noise,?뚮━,以묎퀬,,
1812,nominate,異붿쿇?섎떎,?꾨Ц,,
1813,none,?꾨Т??議곌툑??-?딅떎 議곌툑??寃곗퐫)-?딅떎,以묎퀬,,
1814,nonetheless,??떆,?꾨Ц,,
1815,nonsense,?덊듉 ?뚮━,以묎퀬,,
1816,noon,?뺤삤,珥덈벑,,
1817,nor,-???먰븳-?딅떎,以묎퀬,,
1818,norm,?쒖?,?꾨Ц,,
1819,normal,?쒖?(??,以묎퀬,,
1820,north,遺? 遺?履? 遺곷?""",珥덈벑,,,,,,
1821,nose,肄?珥덈벑,,,,,,,
1822,not,?꾨땲??珥덈벑,,,,,,,
1823,note,湲곕줉,珥덈벑,,,,,,
1824,nothing,?꾨Т寃껊룄 ??뾾??珥덈벑,,,,,,,
1825,notice,"?듭?, ?듬낫",以묎퀬,,,,,,
1826,notion,"n,愿??,?꾨Ц,,
1827,novel,?뚯꽕,以묎퀬,,
1828,now,吏湲?珥덈벑,,
1829,nowadays,?ㅻ뒛?좎뿉?? ?붿쫰?뚯뿉??",以묎퀬,,,,,,
1830,nowhere,?꾨Т?곕룄 ??뾾??以묎퀬,,,,,,,
1831,nuclear,"?듭쓽, ?듭쓣 ?뺤꽦?섎뒗 ?먯옄?듭쓽",以묎퀬,,,,,,
1832,number,??珥덈벑,,,,,,,
1833,numerous,"???섏쓽, ?섎쭖?, ? ???놁씠 留롮?",?꾨Ц,,,,,,
1834,nun,?섎? 吏묐퉬?섍린???쇱쥌,?꾨Ц,,,,,,
1835,nurse,?좊え,珥덈벑,,,,,,
1836,nut,寃ш낵,以묎퀬,,,,,,
1837,oak,李몃굹臾?以묎퀬,,,,,,,
1838,obey,?곕Ⅴ??以묎퀬,,,,,,,
1839,object,?щЪ,以묎퀬,,,,,,
1840,objective,媛앷??곸씤,以묎퀬,,,,,,
1841,oblige,(?섎Т瑜?蹂꾩닔?놁씠 -?섍쾶?섎떎,?꾨Ц,,,,,,
1842,observe,愿李고븯??以묎퀬,,,,,,,
1843,obsess,?섎윭遺숇떎,?꾨Ц,,,,,,
1844,obtain,?삳떎,以묎퀬,,,,,,
1845,obvious,紐낅갚??以묎퀬,,,,,,,
1846,occasion,寃쎌슦,以묎퀬,,,,,,
1847,occupation,?쇱쭅??以묎퀬,,,,,,,
1848,occupy,李⑥??섎떎,以묎퀬,,,,,,
1849,occur,?쇱뼱?섎떎,以묎퀬,,,,,,
1850,ocean,???珥덈벑,,,,,,,
1851,odd,臾섑븳,以묎퀬,,,,,,
1852,of,異쒖떊??珥덈벑,,,,,,,
1853,off,?⑥뼱??珥덈벑,,,,,,,
1854,offend,?깅굹寃??섎떎,以묎퀬,,,,,,
1855,offer,沅뚰븯??以묎퀬,,,,,,,
1856,office,?꾨Т,珥덈벑,,,,,,
1857,officer,怨듬Т??以묎퀬,,,,,,,
1858,official,怨듬Т??以묎퀬,,,,,,,
1859,often,?먯＜,珥덈벑,,,,,,
1860,oil,湲곕쫫,珥덈벑,,,,,,
1861,old,?숈?,珥덈벑,,,,,,
1862,olive,?щ━釉뚮굹臾?以묎퀬,,,,,,,
1863,on,?꾩뿉,珥덈벑,,,,,,
1864,once,?쒕쾲,以묎퀬,,,,,,
1865,one,?섎굹(??,珥덈벑,,,,,,
1866,only,?좎씪??珥덈벑,,,,,,,
1867,open,?대떎,珥덈벑,,,,,,
1868,operate,?吏곸씠??以묎퀬,,,,,,,
1869,opinion,?섍껄,以묎퀬,,,,,,
1870,opportunity,湲고쉶,以묎퀬,,,,,,
1871,oppose,諛섎??섎떎,以묎퀬,,,,,,
1872,optimist,?숈쿇媛,以묎퀬,,,,,,
1873,option,?좏깮(沅뚯쓽 ?먯쑀),以묎퀬,,,,,,
1874,or,?뱀?,珥덈벑,,,,,,
1875,oral,援щ몢??以묎퀬,,,,,,,
1876,orbit,沅ㅻ룄,?꾨Ц,,,,,,
1877,orchestra,愿?꾩븙??以묎퀬,,,,,,,
1878,order,?쒖꽌,以묎퀬,,,,,,
1879,ordinary,蹂댄넻??以묎퀬,,,,,,,
1880,organ,(?앸Ъ??湲곌?,以묎퀬,,,,,,
1881,organic,?좉린泥댁쓽,以묎퀬,,,,,,
1882,organize,議곗쭅?섎떎,以묎퀬,organise,,,,,
1883,orient,?숈뼇 ?숈뼇???숈そ?쇰줈 ?ν븯寃??섎떎,以묎퀬,,,,,,
1884,origin,湲곗썝,以묎퀬,,,,,,
1885,other,?ㅻⅨ ?ㅻⅨ 寃?洹몃젃吏 ?딄퀬,以묎퀬,,,,,,
1886,otherwise,??諛⑸쾿?쇰줈??以묎퀬,,,,,,,
1887,ought,au?댁빞留??섎떎,以묎퀬,,,,,,
1888,ounce,?듦눌???꾨Ц,,,,,,,
1889,out,諛뽰쑝濡?珥덈벑,,,,,,,
1890,outcome,寃곌낵,以묎퀬,,,,,,
1891,outline,?ㅺ낸,以묎퀬,,,,,,
1892,output,?곗텧,以묎퀬,,,,,,
1893,outrage,遺덈쾿(?곸씤 ?됱쐞),?꾨Ц,,,,,,
1894,outstanding,?덉뿉 ?꾨뒗,以묎퀬,,,,,,
1895,over,?꾩そ,珥덈벑,,,,,,
1896,overall,?ш큵(?꾨㈃)?곸씤 ?㏃샆,以묎퀬,,,,,,
1897,overcome,?닿린??以묎퀬,,,,,,,
1898,overhead,癒몃━?꾩뿉 癒몃━ ?꾩쓽,以묎퀬,,,,,,
1899,overlap,寃뱀튂??以묎퀬,,,,,,,
1900,overlook,?대젮??蹂대떎,以묎퀬,,,,,,
1901,overnight,?꾨궇諛ㅼ쓽,以묎퀬,,,,,,
1902,oversea,?댁쇅(濡쒕?????以묎퀬,overseas,,,,,,
1903,overwhelm,?뺣룄?섎떎,?꾨Ц,,,,,,
1904,owe,吏遺덊븷 ?섎Т媛 ?덈떎,以묎퀬,,,,,,
1905,own,?먭린?먯떊???뚯쑀?섎떎,以묎퀬,,,,,,
1906,pace,?쒓구??以묎퀬,,,,,,,
1907,pack,袁몃윭誘?以묎퀬,,,,,,,
1908,packet,?ㅻ컻,以묎퀬,,,,,,
1909,pad,(諛륁뿉)?㏓???寃?以묎퀬,,,,,,,
1910,pain,怨좏넻,以묎퀬,,,,,,
1911,paint,?꾨즺,珥덈벑,,,,,,
1912,pair,?쒖뙇,以묎퀬,,,,,,
1913,palace,沅곸쟾,珥덈벑,,,,,,
1914,pale,李쎈갚??以묎퀬,,,,,,,
1915,palm,?먮컮??以묎퀬,,,,,,,
1916,pan,?⑤퉬 ?ш툑 ?깆쓣 ?⑤퉬濡?媛?ㅻ궡??以묎퀬,,,,,,,
1917,panel,?먮꼍???꾨Ц,,,,,,,
1918,panic,?뚯뿰?쒓났??以묎퀬,,,,,,,
1919,pants,諛붿?,珥덈벑,,,,,,
1920,paper,醫낆씠,珥덈벑,,,,,,
1921,paragraph,(臾몄옣????以묎퀬,,,,,,,
1922,parallel,?됲뻾???꾨Ц,,,,,,,
1923,pardon,?⑹꽌?섎떎 ?⑹꽌,以묎퀬,,,,,,
1924,parent,?대쾭??珥덈벑,,,,,,,
1925,park,怨듭썝,珥덈벑,,,,,,
1926,parliament,?섑쉶,?꾨Ц,,,,,,
1927,part,遺遺?珥덈벑,,,,,,,
1928,participate,李멸??섎떎,以묎퀬,,,,,,
1929,particle,?낆옄,?꾨Ц,,,,,,
1930,particular,?뱀닔??以묎퀬,,,,,,,
1931,pass,吏?섍???珥덈벑,,,,,,,
1932,passage,"?듯뻾, ?듦낵",以묎퀬,,,,,,
1933,passenger,?밴컼,以묎퀬,,,,,,
1934,passion,?뺤뿴,以묎퀬,,,,,,
1935,passport,?ш텒,以묎퀬,,,,,,
1936,past,怨쇨굅,以묎퀬,,,,,,
1937,pat,?≫넚 媛蹂띻쾶 移섎떎,?꾨Ц,,,,,,
1938,patch,源곷뒗 ?앷쾴,?꾨Ц,,,,,,
1939,patent,?꾨ℓ?뱁뿀沅??꾨ℓ?뱁뿀???꾨Ц,,,,,,,
1940,path,?묒? 湲?以묎퀬,,,,,,,
1941,patient,?몃궡?ъ씠 媛뺥븳 ?섏옄,以묎퀬,,,,,,
1942,patrol,?쒗쉶,?꾨Ц,,,,,,
1943,pattern,紐⑤쾾,以묎퀬,,,,,,
1944,pause,以묒?,以묎퀬,,,,,,
1945,pave,(?꾨줈瑜??ъ옣?섎떎,?꾨Ц,,,,,,
1946,pay,吏遺덊븯??珥덈벑,,,,,,,
1947,peace,?됲솕,珥덈벑,,,,,,
1948,peak,(毓곗”????以묎퀬,,,,,,,
1949,pear,?쒖뼇諛?珥덈벑,,,,,,,
1950,peasant,?띾?,?꾨Ц,,,,,,
1951,peel,猿띿쭏??踰쀪린??踰쀬뼱吏??猿띿쭏,以묎퀬,,,,,,
1952,peer,?숇즺,以묎퀬,,,,,,
1953,penalty,踰?以묎퀬,,,,,,,
1954,pencil,?고븘 ?고븘濡??곕떎,珥덈벑,,,,,,
1955,people,?щ엺??珥덈벑,,,,,,,
1956,pepper,怨좎텛,以묎퀬,,,,,,
1957,per,-???섑븯??以묎퀬,,,,,,,
1958,perceive,吏媛곹븯??以묎퀬,,,,,,,
1959,perfect,?꾩쟾??以묎퀬,,,,,,,
1960,perform,?ㅽ븯??以묎퀬,,,,,,,
1961,perhaps,?꾨쭏,以묎퀬,,,,,,
1962,period,?쒓컙,以묎퀬,,,,,,
1963,permanent,?곴뎄??以묎퀬,,,,,,,
1964,permit,?덇??섎떎,以묎퀬,,,,,,
1965,persist,怨좎쭛?섎떎,?꾨Ц,,,,,,
1966,person,?щ엺,以묎퀬,,,,,,
1967,personality,媛쒖꽦,以묎퀬,,,,,,
1968,perspective,?먭렐踰뺤쓽 ?먭렐 ?붾쾿,?꾨Ц,,,,,,
1969,persuade,?ㅻ뱷?섎떎,以묎퀬,,,,,,
1970,pet,?좎셿?숇Ъ,以묎퀬,,,,,,
1971,phase,援?㈃,?꾨Ц,,,,,,
1972,phenomenon,?꾩긽,以묎퀬,,,,,,
1973,philosophy,泥좏븰,以묎퀬,,,,,,
1974,photograph,?ъ쭊 珥ъ쁺?섎떎,以묎퀬,,,,,,
1975,phrase,援?以묎퀬,,,,,,,
1976,physical,臾쇱쭏??以묎퀬,,,,,,,
1977,physics,臾쇰━??以묎퀬,,,,,,,
1978,pick,?곕떎,珥덈벑,,,,,,
1979,picnic,?뚰뭾,珥덈벑,,,,,,
1980,picture,洹몃┝,珥덈벑,,,,,,
1981,piece,??議곌컖,以묎퀬,,,,,,
1982,pig,?쇱?,珥덈벑,,,,,,
1983,pile,?볦븘 ?щ┛ 寃?以묎퀬,,,,,,,
1984,pill,?뚯빟,以묎퀬,,,,,,
1985,pin,? ??쇰줈 苑귣떎,以묎퀬,,,,,,
1986,pinch,瑗ъ쭛???꾨Ц,,,,,,,
1987,pine,?뚮굹臾??섏쿃??吏??以묎퀬,,,,,,,
1988,pink,?곕텇?띿깋,珥덈벑,,,,,,
1989,pioneer,媛쒖쿃??以묎퀬,,,,,,,
1990,pitch,?섏????꾨Ц,,,,,,,
1991,pity,遺덉뙇???ш?,以묎퀬,,,,,,
1992,place,?μ냼,珥덈벑,,,,,,
1993,plain,遺꾨챸??以묎퀬,,,,,,,
1994,plan,怨꾪쉷,珥덈벑,,,,,,
1995,planet,?됱꽦,以묎퀬,,,,,,
1996,plant,?ㅻЪ,以묎퀬,,,,,,
1997,plate,??以묎퀬,,,,,,,
1998,platform,??以묎퀬,,,,,,,
1999,play,???珥덈벑,,,,,,,
2000,pleasant,湲곕텇 醫뗭?,以묎퀬,,,,,,
2001,please,湲곗걯寃??섎떎,珥덈벑,,,,,,
2002,pleasure,利먭굅?,以묎퀬,,,,,,
2003,plenty,留롮쓬,以묎퀬,,,,,,
2004,plot,?뚮え,以묎퀬,,,,,,
2005,plus,?뷀븯湲곗쓽 -?몄뿉,以묎퀬,,,,,,
2006,P.M.,?ㅽ썑,珥덈벑,p.m.,,,,,
2007,pocket,?ъ폆,珥덈벑,,,,,,
2008,poem,??以묎퀬,,,,,,,
2009,poet,?쒖씤,以묎퀬,,,,,,
2010,point,??珥덈벑,,,,,,,
2011,poison,??以묎퀬,,,,,,,
2012,polar,?④레??以묎퀬,,,,,,,
2013,pole,?대??쒖궗??以묎퀬,,,,,,,
2014,police,寃쎌같 寃쎈퉬?섎떎,珥덈벑,,,,,,
2015,policy,?뺤콉,以묎퀬,,,,,,
2016,polish,"??떎, 媛덈떎, ?ㅻ궡??,?꾨Ц,,
2017,polite,怨듭넀??以묎퀬,,
2018,politics,?뺤튂,以묎퀬,,
2019,poll,?ы몴,以묎퀬,,
2020,pollute,-???붾읇?덈떎,以묎퀬,,
2021,pond,紐? ?곕せ""",以묎퀬,,,,,,
2022,pool,?먮룉,以묎퀬,,,,,,
2023,poor,"媛?쒗븳 遺議깊븳, 遺덉땐遺꾪븳, 鍮덉빟??,珥덈벑,,
2024,pop,??以묎퀬,,
2025,pope,濡쒕쭏 援먰솴  理쒓퀬 沅뚯쐞?먮줈 ?먯쿂?섎뒗 ?щ엺,?꾨Ц,,
2026,popular,誘쇱쨷 ?? ?以묒쓽""",以묎퀬,,,,,,
2027,population,?멸뎄,以묎퀬,,,,,,
2028,pork,?쇱?怨좉린,以묎퀬,,,,,,
2029,port,"??뎄, ??쭔, ?곹빆",以묎퀬,,,,,,
2030,portion,"?쇰?, 遺遺?,?꾨Ц,,
2031,portrait,珥덉긽,以묎퀬,,
2032,pose,?먯꽭"," ?ъ쫰  留덉쓬媛吏? 袁몃? ?쒕룄""",以묎퀬,,,,,
2033,position,?꾩튂,以묎퀬,,,,,,
2034,positive,"紐낇솗?? ?섎Ц???ъ?媛 ?녿뒗, 遺?뺥븷 ???녿뒗",以묎퀬,,,,,,
2035,possess,?뚯쑀?섎떎,以묎퀬,,,,,,
2036,possible,媛?ν븳,以묎퀬,,,,,,
2037,post,湲곕뫁,以묎퀬,,,,,,
2038,poster,?ъ뒪??以묎퀬,,,,,,,
2039,pot,?⑥?,以묎퀬,,,,,,
2040,potato,媛먯옄,珥덈벑,,,,,,
2041,potential,媛?ν븳,以묎퀬,,,,,,
2042,pour,?곕Ⅴ??以묎퀬,,,,,,,
2043,powder,媛猷?以묎퀬,,,,,,,
2044,power,??珥덈벑,,,,,,,
2045,practical,?ㅼ젣??以묎퀬,,,,,,,
2046,practice,?곗뒿,以묎퀬,practise,,,,,
2047,praise,移?갔,以묎퀬,,,,,,
2048,pray,鍮뚮떎,以묎퀬,,,,,,
2049,preach,?ㅺ탳?섎떎,?꾨Ц,,,,,,
2050,precede,-???욎꽌???꾨Ц,,,,,,,
2051,precious,鍮꾩떬,以묎퀬,,,,,,
2052,precise,?뺥솗??以묎퀬,,,,,,,
2053,predator,?쏀깉???꾨Ц,,,,,,,
2054,predict,"?덉뼵?섎떎, ?덈낫?섎떎 ?덉뼵?섎떎",以묎퀬,,,,,,
2055,prefer,"?ㅽ엳????쓣 醫뗭븘?섎떎,",以묎퀬,,,,,,
2056,pregnant,?꾩떊??異⑸쭔??以묎퀬,,,,,,,
2057,prejudice,"?멸껄, ?좎엯愿",?꾨Ц,,,,,,
2058,premier,"援?Т 珥앸━, ?섏긽",?꾨Ц,,,,,,
2059,premium,?좎쬆湲?  ?〓㈃ 珥덇낵?? ?꾨━誘몄뾼,?꾨Ц,,,,,,
2060,prepare,"以鍮꾪븯 ?? 留덈젴?섎떎, 梨꾨퉬瑜?媛뽰텛??,以묎퀬,,
2061,prescribe,紐낅졊?섎떎", 吏?뱁븯??,以묎퀬,,,,,
2062,presence,"議댁옱, ?꾩〈, ?ㅼ옱  異쒖꽍, ?꾩꽍, 李몄꽍",以묎퀬,,,,,,
2063,present,"?덈뒗, 議댁옱?섎뒗",珥덈벑,,,,,,
2064,preserve,"蹂댄샇?섎떎, 吏?ㅻ떎",以묎퀬,,,,,,
2065,president,??듬졊 ?뚯옣,以묎퀬,,,,,,
2066,press,媛뺤젣濡?紐⑥쭛?섎떎,以묎퀬,,,,,,
2067,presume,媛?뺥븯???꾨Ц,,,,,,,
2068,pretend,?묎퀎?쇰떎,以묎퀬,,,,,,
2069,pretty,"?덉걶, 洹?ъ슫, 李??? 議곗킄??,珥덈벑,,
2070,prevail,?닿린?? 洹밸났?섎떎", ?뺣룄?섎떎 ?곗꽭?섎떎," 蹂닿툒?섎떎""",?꾨Ц,,,,
2071,prevent,"留됰떎, 諛⑺빐?섎떎",以묎퀬,,,,,,
2072,previous,"?욎쓽, ?댁쟾??,以묎퀬,,
2073,prey,癒뱀씠,以묎퀬,,
2074,price,媛? 媛寃? ?媛"," ?뺢?""",以묎퀬,,,,,
2075,pride,?먯〈??以묎퀬,,,,,,,
2076,priest,?깆쭅??以묎퀬,,,,,,,
2077,primary,"泥レ㎏?? ???꾩쓽, ?섏쐞??珥덈벑?? 珥덈낫??,以묎퀬,,
2078,prime,?섏쐞?? 理쒖큹?? ?먯떆?곸씤""",以묎퀬,,,,,,
2079,primitive,"?먯떆?? 珥덇린??,以묎퀬,,
2080,prince,?뺤옄", ?쒖옄, ?몄옄, ?援?,珥덈벑,,,
2081,principal,"二쇱슂?? 二쇰맂, ?쒖씪?? ?욎옣?쒕뒗",以묎퀬,,,,,,
2082,principle,"?먮━, ?먯튃, 踰뺤튃, 怨듬━",以묎퀬,,,,,,
2083,print,"?몄뇙?섎떎, ?꾨┛?명븯??,珥덈벑,,
2084,prior,?댁쟾?? ?욎쓽""",?꾨Ц,,,,,,
2085,prison,援먮룄??以묎퀬,,,,,,,
2086,privacy,"?⑥쓽 ?덉쓣 ?쇳븿, ?嫄? ??? ????앺솢 ?ъ깮??,以묎퀬,,
2087,private,?ъ쟻?? ?ъ궗濡쒖슫"," 媛쒖씤???랁븳""",以묎퀬,,,,,
2088,privilege,"?밴텒, ?뱀쟾, ?밸퀎 痍④툒",?꾨Ц,,,,,,
2089,prize,"?? ?ъ긽, ?곕벑?? ?좏뻾??,珥덈벑,,
2090,probably,?꾨쭏"," ??쨷?붽뎄""",以묎퀬,,,,,
2091,problem,臾몄젣,珥덈벑,,,,,,
2092,procedure,"吏꾪뻾, 寃쎄낵 ?덉감",?꾨Ц,,,,,,
2093,proceed,"?섏븘媛?? 媛??,以묎퀬,,
2094,process,吏꾪뻾"," ?묒슜""",以묎퀬,,,,,
2095,produce,"?앹궛?섎떎, ?곗텧?섎떎, ?앷린寃??섎떎,",以묎퀬,,,,,,
2096,profession,"吏곸뾽 怨듭뼵, ?좎뼵, 怨좊갚",以묎퀬,,,,,,
2097,professor,援먯닔,以묎퀬,,,,,,
2098,profile,"???쇨뎬, 諛섎㈃???몃Ъ ?뚭컻  ?쒕룄, ?먯꽭",?꾨Ц,,,,,,
2099,profit,"?댁씡, ?대뱷, 踰뚯씠",以묎퀬,,,,,,
2100,profound,"源딆?, ?ъ썝??,?꾨Ц,,
2101,progress,吏꾪뻾", ?꾩쭊, 吏꾩쿃  吏꾨낫, ?μ긽, 諛쒕떖," 諛쒖쟾""",以묎퀬,
2102,prohibit,湲덊븯?? 湲덉??섎떎,?꾨Ц,,,,,,
2103,prominent,"?먮뱶?ъ쭊, ?뚭린?? ?묎컖???꾩??? ?곸썡?? 以묒슂??,?꾨Ц,,
2104,promise,?쎌냽", ?쒖빟," 怨꾩빟""",以묎퀬,,,,
2105,promote,?뱀쭊?쒗궎??吏꾪뻾?쒗궎??,以묎퀬,,,,,,
2106,prompt,"?щ튌瑜? ?좎냽?? 利됱떆 ??븯??,?꾨Ц,,
2107,pronounce,諛쒖쓬?섎떎"," ?뚮룆?섎떎""",以묎퀬,,,,,
2108,proof,利앸챸,以묎퀬,,,,,,
2109,proper,"怨좎쑀?? ?낇듅?? 蹂몄뿰??  ?뱀쑀??,以묎퀬,,
2110,property,?ъ궛"," ?먯궛""",以묎퀬,,,,,
2111,proportion,"鍮꾩쑉, 鍮?洹좏삎, 議고솕",?꾨Ц,,,,,,
2112,propose,"?쒖쓽?섎떎, ?쒖텧?섎떎 異붿쿇?섎떎, 吏紐낇븯??,以묎퀬,,
2113,prospect,?꾨쭩", 議곕쭩," 寃쎌튂""",以묎퀬,,,,
2114,prosper,踰덉쁺?섎떎,?꾨Ц,,,,,,
2115,protect,"蹂댄샇?섎떎, 留됰떎, 吏?ㅻ떎, 鍮꾪샇?섎떎",以묎퀬,,,,,,
2116,protein,IG1s,以묎퀬,,,,,,
2117,protest,?⑥뼵?섎떎,以묎퀬,,,,,,
2118,proud,"戮먮궡?? ?먮옉?섎뒗 ?먭툖?섎뒗, ?곴킅 ?쇰줈 ?ш린??,以묎퀬,,
2119,prove,?쒗뿕?섎떎", ?ㅽ뿕?섎떎, 寃쏀뿕?섎떎," ?쒗뿕??蹂대떎""",以묎퀬,,,
2120,provide,以鍮꾪븯?? 誘몃━ ??뿉 ?鍮꾪븯?? 洹쒖젙?섎떎,以묎퀬,,,,,,
2121,province,"二? ?? ?? 踰붿쐞, ?곸뿭, 遺꾩빞",以묎퀬,,,,,,
2122,provoke,?붾굹寃??섎떎,?꾨Ц,,,,,,
2123,psychology,?щ━??以묎퀬,,,,,,,
2124,pub,??以묎퀬,,,,,,,
2125,public,"?щ━, ?щ━ ?곹깭",以묎퀬,,,,,,
2126,publish,"諛쒗몴 ?섎떎, ?먮━ ?뚮━??,以묎퀬,,
2127,pull,?뚮떎"," ?밴린?? ?뚯뼱 ?밴린?? ?≪븘 ?뚮떎""",以묎퀬,,,,,
2128,pump,?뚰봽??  ?꾩뒪??援щ몢,以묎퀬,,,,,,
2129,punch,二쇰㉨吏? ?移? ?? ?쒓린,以묎퀬,,,,,,
2130,punish,"踰뚰븯?? ?묒쭠?섎떎, 泥섑삎?섎떎",以묎퀬,,,,,,
2131,pupil,?뷀엳 援???숆탳 以묓븰援??숈깮,以묎퀬,,,,,,
2132,puppy,媛뺤븘吏,珥덈벑,,,,,,
2133,purchase,"?щ떎, 援ъ엯?섎떎",以묎퀬,,,,,,
2134,pure,"?쒖닔?? 源⑤걮?? ?쒖쟾?? 寃곕갚??,以묎퀬,,
2135,purple,?먯쨵鍮쏆쓽  ?덈묠媛? ?쒖솗??以묎퀬,,
2136,purpose,紐⑹쟻,以묎퀬,,
2137,pursue,已볥떎", 異붿쟻?섎떎," 紐곕떎""",以묎퀬,,,,
2138,push,"諛?? 諛移섎떎, 諛?댁꽌 ?吏??대떎, 諛???대떎",珥덈벑,,,,,,
2139,put,"?볥떎, ?먮떎",珥덈벑,,,,,,
2140,puzzle,"?뱁솴, ?쇰? 愿대∼?덈뒗 ?щ엺,  ?대젮??臾몄젣",珥덈벑,,,,,,
2141,qualify,?먭꺽??遺?ы븯??以묎퀬,,,,,,,
2142,quality,吏?以묎퀬,,,,,,,
2143,quantity,??以묎퀬,,,,,,,
2144,quarter,nono,以묎퀬,,,,,,
2145,queen,?ъ솗,珥덈벑,,,,,,
2146,question,"臾쇱쓬, 吏덈Ц, 吏덉쓽",珥덈벑,,,,,,
2147,questionnaire,吏덈Ц???꾨Ц,,,,,,,
2148,quick,鍮좊Ⅸ,珥덈벑,,,,,,
2149,quiet,議곗슜??珥덈벑,,,,,,,
2150,quit,"(?섎Т,梨낆엫??踰쀬뼱???좊굹??,以묎퀬,,
2151,quite,?꾩＜,以묎퀬,,
2152,quote,?몄슜?섎떎,?꾨Ц,,
2153,rabbit,吏묓넗??珥덈벑,,
2154,race,?몄쥌,珥덈벑,,
2155,racial,?몄쥌(????以묎퀬,,
2156,rage,寃⑸끂,?꾨Ц,,
2157,rail,媛濡쒖옣,以묎퀬,,
2158,rain,鍮?珥덈벑,,
2159,rainbow,臾댁?媛?珥덈벑,,
2160,raise,?щ━??以묎퀬,,
2161,rally,洹쒗빀?섎떎,?꾨Ц,,
2162,random,?μ튂???濡쒖쓽,以묎퀬,,
2163,range,以?以묎퀬,,
2164,rank,??以묎퀬,,
2165,rapid,鍮좊Ⅸ,以묎퀬,,
2166,rare,?ш???以묎퀬,,
2167,rat,伊?以묎퀬,,
2168,rate,??以묎퀬,,
2169,rather,?ㅽ엳??以묎퀬,,
2170,rational,?⑸━?곸씤,?꾨Ц,,
2171,raw,?좉쾬??以묎퀬,,
2172,reach,?꾩갑?섎떎,以묎퀬,,
2173,react,諛섏쓳???섑??대떎,以묎퀬,,
2174,read,?쎈떎,珥덈벑,,
2175,ready,以鍮꾧? ??珥덈벑,,
2176,real,?ㅼ옱?섎뒗,以묎퀬,,
2177,realize,源⑤떕??以묎퀬,realise,
2178,rear,???꾨Ц,,
2179,reason,?댁꽦,以묎퀬,,
2180,rebel,諛섏뿭???꾨Ц,,
2181,recall,?섎?瑜대떎,以묎퀬,,
2182,receipt,?섎졊,以묎퀬,,
2183,receive,諛쏅떎,以묎퀬,,
2184,recent,理쒓렐??以묎퀬,,
2185,reception,諛쏆쓬,以묎퀬,,
2186,recipe,議곕━踰?以묎퀬,,
2187,recognize,?몄젙?섎떎,以묎퀬,,
2188,recommend,異붿쿇?섎떎,以묎퀬,,
2189,record,湲곕줉?섎떎,以묎퀬,,
2190,recover,?섏갼??以묎퀬,,
2191,recruit,?좊퀝,?꾨Ц,,
2192,recycle,?ъ깮 ?댁슜?섎떎,以묎퀬,,
2193,red,遺됱?,珥덈벑,,
2194,reduce,以꾩씠??以묎퀬,,
2195,refer,議고쉶?쒗궎??以묎퀬,,
2196,refine,?뺤젣?뺣젴?섎떎,?꾨Ц,,
2197,reflect,諛섏궗?섎떎,以묎퀬,,
2198,reform,媛쒖젙(媛쒗쁺)?섎떎,以묎퀬,,
2199,refrigerator,?됱옣怨?以묎퀬,fridge,
2200,refuse,嫄곗젅?섎떎,以묎퀬,,
2201,regard,二쇰ぉ?댁꽌 蹂대떎,以묎퀬,,
2202,region,吏諛?以묎퀬,,
2203,register,湲곕줉,以묎퀬,,
2204,regret,?좉컧,以묎퀬,,
2205,regular,洹쒖튃?곸씤,以묎퀬,,
2206,regulate,洹쒖젙?섎떎,?꾨Ц,,
2207,reinforce,蹂닿컯?섎떎,?꾨Ц,,
2208,reject,嫄곗젅?섎떎,以묎퀬,,
2209,relate,?댁빞湲고븯??以묎퀬,,
2210,relative,移쒖쿃,以묎퀬,,
2211,relax,??텛??以묎퀬,,
2212,release,?꾩?二쇰떎,以묎퀬,,
2213,relevant,愿?⑤맂,?꾨Ц,,
2214,relieve,援ъ텧?섎떎,以묎퀬,,
2215,religion,醫낃탳,以묎퀬,,
2216,reluctant,留덉쓬???댄궎吏 ?딅뒗,?꾨Ц,,
2217,rely,誘용떎,以묎퀬,,
2218,remain,?⑤떎,以묎퀬,,
2219,remark,源⑤떕??以묎퀬,,
2220,remedy,移섎즺,以묎퀬,,
2221,remember,湲곗뼲?섍퀬 ?덈떎,珥덈벑,,
2222,remind,?앷컖?섍쾶 ?섎떎,以묎퀬,,
2223,remote,癒?以묎퀬,,
2224,remove,??린??以묎퀬,,
2225,rent,吏?,以묎퀬,,
2226,repair,?섏꽑(?섏젙)?섎떎,以묎퀬,,
2227,repeat,諛섎났?섎떎,以묎퀬,,
2228,replace,?섎룎???볥떎,以묎퀬,,
2229,reply,??듯븯??以묎퀬,,
2230,report,蹂닿퀬,以묎퀬,,
2231,represent,?쒗쁽(臾섏궗)?섎떎,以묎퀬,,
2232,republic,怨듯솕援?以묎퀬,,
2233,reputation,?됲뙋,?꾨Ц,,
2234,request,遺?곹븯??以묎퀬,,
2235,require,?붽뎄?섎떎,以묎퀬,,
2236,rescue,援ы븯??以묎퀬,,
2237,research,?곌뎄,以묎퀬,,
2238,resemble,??떎,以묎퀬,,
2239,reserve,?곕줈 ?먮떎,以묎퀬,,
2240,reside,嫄곗＜?섎떎,?꾨Ц,,
2241,resign,?ъ엫?섎떎,?꾨Ц,,
2242,resist,???븯??以묎퀬,,
2243,resolve,遺꾪빐?섎떎,以묎퀬,,
2244,resort,(?먯＜)媛??以묎퀬,,
2245,resource,?먯썝,以묎퀬,,
2246,respect,議닿꼍?섎떎,以묎퀬,,
2247,respective,媛곴컖???꾨Ц,,
2248,respond,??듯븯??以묎퀬,,
2249,responsible,梨낆엫???몄빞??以묎퀬,,
2250,rest,?댁떇,以묎퀬,,
2251,restaurant,?붾━??珥덈벑,,
2252,restore,諛섑솚?섎떎,以묎퀬,,
2253,restrain,?쒖??섎떎,?꾨Ц,,
2254,restrict,?쒗븳?섎떎,?꾨Ц,,
2255,restroom,?붿옣??珥덈벑,,
2256,result,寃곌낵,以묎퀬,,
2257,resume,?ㅼ떆 ?〓떎,?꾨Ц,,
2258,retail,?뚮ℓ,?꾨Ц,,
2259,retain,蹂댁쑀?섎떎,?꾨Ц,,
2260,retire,?댁쭅?섎떎,以묎퀬,,
2261,retreat,?꾪눜,?꾨Ц,,
2262,return,?뚯븘媛??珥덈벑,,
2263,reveal,?섑??대떎,以묎퀬,,
2264,revenge,蹂듭닔,?꾨Ц,,
2265,reverse,???꾨Ц,,
2266,review,?ъ“??以묎퀬,,
2267,revise,援먯젙?섎떎,以묎퀬,,
2268,revive,?뚯깮?섎떎,以묎퀬,,
2269,revolution,?곷챸,以묎퀬,,
2270,reward,蹂댁닔,以묎퀬,,
2271,rhythm,?⑤룞,以묎퀬,,
2272,rice,?,以묎퀬,,
2273,rich,遺?먯씤,珥덈벑,,
2274,rid,硫댄븯寃뚰븯???꾨Ц,,
2275,ride,???以묎퀬,,
2276,ridiculous,?대━?앹?,?꾨Ц,,
2277,right,?щ컮瑜?珥덈벑,,
2278,ring,怨좊━,珥덈벑,,
2279,riot,??룞", ?뚯슂, ?뚮룞   ?쇰떒踰뺤꽍, ?ㅼ콈濡쒖?,",?꾨Ц,,
2280,rise,?щ━??以묎퀬,,
2281,risk,?꾪뿕 嫄몃떎,以묎퀬,,
2282,rival,寃쎌웳??寃쎌웳?섎뒗 寃쎌웳?섎떎,以묎퀬,,
2283,river,媛?珥덈벑,,
2284,road,湲?珥덈벑,,
2285,roar,?쇰Ⅴ?곴굅由щ떎 ?쇰Ⅴ?곸냼由??꾨Ц,,
2286,roast,遺덉뿉 弛먯뼱 援쎈떎 遺덇퀬湲?援ъ슫,以묎퀬,,
2287,rob,媛뺥깉?섎떎", ?쏀깉?섎떎, 鍮쇱븮??,以묎퀬
2288,rock,諛붿쐞,珥덈벑,,,,,,
2289,rod,留됰?,?꾨Ц,,,,,,
2290,role,(諛곗슦????以묎퀬,,,,,,,
2291,roll,援щⅤ??以묎퀬,,,,,,,
2292,romantic,?꾧린?뚯꽕?곸씤,以묎퀬,,,,,,
2293,roof,吏遺?珥덈벑,,,,,,,
2294,room,諛?珥덈벑,,,,,,,
2295,root,肉뚮━,以묎퀬,,,,,,
2296,rope,?덈겮,以묎퀬,,,,,,
2297,rot,?⑸떎,?꾨Ц,,,,,,
2298,rough,嫄곗튇,以묎퀬,,,,,,
2299,round,?κ렐 ???뚯븘??以묎퀬,,,,,,,
2300,route,湲?以묎퀬,,,,,,,
2301,routine,?뺥빐吏???以묎퀬,,,,,,,
2302,row,以?以묎퀬,,,,,,,
2303,royal,?뺤쓽,以묎퀬,,,,,,
2304,rub,留덉같?섎떎,以묎퀬,,,,,,
2305,rubber,留쏆궗吏??以묎퀬,,,,,,,
2306,rude,踰꾨쫯?녿뒗,以묎퀬,,,,,,
2307,ruin,?뚮㈇,以묎퀬,,,,,,
2308,rule,洹쒖튃,以묎퀬,,,,,,
2309,rumor,?뚮Ц,以묎퀬,rumour,,,,,
2310,run,?щ━??珥덈벑,,,,,,,
2311,rural,?쒓낏??以묎퀬,,,,,,,
2312,rush,?뚯쭊?섎떎,以묎퀬,,,,,,
2313,sack,留덈?,?꾨Ц,,,,,,
2314,sacred,?좎꽦??以묎퀬,,,,,,,
2315,sacrifice,?ъ깮,以묎퀬,,,,,,
2316,sad,?ы뵂,珥덈벑,,,,,,
2317,safe,?덉쟾??珥덈벑,,,,,,,
2318,sail,??以묎퀬,,,,,,,
2319,salary,遊됯툒 遊됯툒??二쇰떎,以묎퀬,,,,,,
2320,sale,?먮ℓ,珥덈벑,,,,,,
2321,salon,媛앹떎,?꾨Ц,,,,,,
2322,salt,?뚭툑,珥덈벑,,,,,,
2323,same,媛숈?,珥덈벑,,,,,,
2324,sand,紐⑤옒?ъ옣,珥덈벑,,,,,,
2325,satellite,?꾩꽦,以묎퀬,,,,,,
2326,satisfy,留뚯”?쒗궎??以묎퀬,,,,,,,
2327,save,?꾪뿕?먯꽌 援ы븯??珥덈벑,,,,,,,
2328,say,留먰븯??珥덈벑,,,,,,,
2329,scale,鍮꾨뒛(紐⑥뼇??寃?,以묎퀬,,,,,,
2330,scan,?쒖쓽 ?댁쑉?꾩궡?쇰떎,以묎퀬,,,,,,
2331,scandal,異붾Ц,以묎퀬,,,,,,
2332,scarce,遺議깊븳,?꾨Ц,,,,,,
2333,scare,?꾪삊?섎떎,以묎퀬,,,,,,
2334,scatter,肉붾퓭???⑹뼱 踰꾨━???꾨Ц,,,,,,,
2335,scene,?λ㈃,以묎퀬,,,,,,
2336,scheme,怨꾪쉷,以묎퀬,,,,,,
2337,scholar,?숈옄,以묎퀬,,,,,,
2338,school,?숆탳,珥덈벑,,,,,,
2339,science,怨쇳븰,珥덈벑,,,,,,
2340,scissors,媛??珥덈벑,,,,,,,
2341,scold,袁몄쭡???붿냼由??ы븳 ?щ엺,以묎퀬,,,,,,
2342,scope,踰붿쐞,?꾨Ц,,,,,,
2343,score,?앹젏,珥덈벑,,,,,,
2344,scramble,湲곕떎,以묎퀬,,,,,,
2345,scratch,"?좏대떎, ?좏댁뼱 ?곸쿂 瑜??대떎  湲곷떎",以묎퀬,,,,,,
2346,scream,鍮꾨챸??吏瑜대떎,以묎퀬,,,,,,
2347,screen,蹂묓뭾,以묎퀬,,,,,,
2348,screw,?섏궗,?꾨Ц,,,,,,
2349,scrub,(愿紐⑹쓽)???꾨Ц,,,,,,,
2350,sculpture,議곌컖 議곌컖?섎떎,?꾨Ц,sculpt,,,,,
2351,sea,諛붾떎,珥덈벑,,,,,,
2352,seal,?몄옣,以묎퀬,,,,,,
2353,search,李얜떎,以묎퀬,,,,,,
2354,season,怨꾩젅,珥덈벑,,,,,,
2355,seat,醫뚯꽍,以묎퀬,,,,,,
2356,secret,鍮꾨???以묎퀬,,,,,,,
2357,secretary,鍮꾩꽌,以묎퀬,,,,,,
2358,sector,遺梨꾧섦,以묎퀬,,,,,,
2359,secure,?덉쟾??以묎퀬,,,,,,,
2360,see,蹂대떎,珥덈벑,,,,,,
2361,seed,?⑥븮,以묎퀬,,,,,,
2362,seek,李얜떎,以묎퀬,,,,,,
2363,seem,-?쇰줈 蹂댁씠??以묎퀬,,,,,,,
2364,seize,遺숈옟???꾨Ц,,,,,,,
2365,select,怨좊Ⅴ??以묎퀬,,,,,,,
2366,self,?먭린,以묎퀬,,,,,,
2367,sell,?붾떎,珥덈벑,,,,,,
2368,send,蹂대궡??珥덈벑,,,,,,,
2369,senior,?곗긽??以묎퀬,,,,,,,
2370,sensation,媛먭컖,以묎퀬,,,,,,
2371,sense,媛먭컖,以묎퀬,,,,,,
2372,sensible,遺꾨퀎?덈뒗,以묎퀬,,,,,,
2373,sentence,臾몄옣,以묎퀬,,,,,,
2374,sentiment,?뺤꽌,?꾨Ц,,,,,,
2375,separate,遺꾨━??以묎퀬,,,,,,,
2376,sequence,?곗냽,?꾨Ц,,,,,,
2377,series,?곗냽,以묎퀬,,,,,,
2378,serious,吏꾩???以묎퀬,,,,,,,
2379,serve,?ш린??以묎퀬,,,,,,,
2380,session,媛쒗쉶,以묎퀬,,,,,,
2381,settle,?깅컺?닿? ?믪? 湲??섏옄 ?볥떎,以묎퀬,,,,,,
2382,several,?섍컻??以묎퀬,,,,,,,
2383,severe,?몃맂,以묎퀬,,,,,,
2384,sew,轅곕ℓ??以묎퀬,,,,,,,
2385,sex,??以묎퀬,,,,,,,
2386,shade,洹몃뒛,以묎퀬,,,,,,
2387,shadow,洹몃┝??以묎퀬,,,,,,,
2388,shake,?붾뱾???吏곸씠??以묎퀬,,,,,,,
2389,shall,au-?섍쿋??以묎퀬,,,,,,,
2390,shallow,?뺤? ?뺤? 怨??뺤븘吏??以묎퀬,,,,,,,
2391,shame,遺?꾨읆,以묎퀬,,,,,,
2392,shape,紐⑥뼇,以묎퀬,,,,,,
2393,share,紐?以묎퀬,,,,,,,
2394,sharp,?좎뭅濡쒖슫,以묎퀬,,,,,,
2395,shave,源롫떎,以묎퀬,,,,,,
2396,she,洹몃???珥덈벑,,,,,,,
2397,sheep,??以묎퀬,,,,,,,
2398,sheet,源붿쿇,以묎퀬,,,,,,
2399,shelf,?좊컲,以묎퀬,,,,,,
2400,shell,寃됯퍖吏?以묎퀬,,,,,,,
2401,shelter,?쇰궃泥??꾨Ц,,,,,,,
2402,shield,諛⑺뙣,?꾨Ц,,,,,,
2403,shift,??린??以묎퀬,,,,,,,
2404,shine,鍮쏅굹??以묎퀬,,,,,,,
2405,ship,諛?珥덈벑,,,,,,,
2406,shock,寃⑸룎,珥덈벑,,,,,,
2407,shoe,援щ몢,珥덈벑,,,,,,
2408,shoot,?섎떎,以묎퀬,,,,,,
2409,shop,?곸젏,珥덈벑,,,,,,
2410,shore,臾쇨?,以묎퀬,,,,,,
2411,short,吏㏃?,珥덈벑,,,,,,
2412,should,aushall??怨쇨굅,珥덈벑,,,,,,
2413,shoulder,?닿묠,以묎퀬,,,,,,
2414,shout,?몄튂??以묎퀬,,,,,,,
2415,show,蹂댁씠??珥덈벑,,,,,,,
2416,shower,?뚮굹湲?鍮쀫컻移섎벏 ?쇰텚???잙떎),以묎퀬,,,,,,
2417,shrink,以꾩뼱?ㅻ떎,?꾨Ц,,,,,,
2418,shut,?ル떎,以묎퀬,,,,,,
2419,shy,?섏쨳?,珥덈벑,,,,,,
2420,sick,蹂묐궃,珥덈벑,,,,,,
2421,side,履?珥덈벑,,,,,,,
2422,sigh,?쒖닲,以묎퀬,,,,,,
2423,sight,愿묎꼍,以묎퀬,,,,,,
2424,sign,遺??以묎퀬,,,,,,,
2425,significant,以묒슂??以묎퀬,,,,,,,
2426,silent,議곗슜??以묎퀬,,,,,,,
2427,silk,鍮꾨떒,以묎퀬,,,,,,
2428,silly,?대━?앹? 諛붾낫,以묎퀬,,,,,,
2429,silver,?,以묎퀬,,,,,,
2430,similar,?좎궗??以묎퀬,,,,,,,
2431,simple,?⑥씪??以묎퀬,,,,,,,
2432,simulate,?됰궡?대떎,?꾨Ц,,,,,,
2433,simultaneous,?숈떆???쇱뼱?섎뒗(議댁옱?섎뒗),?꾨Ц,,,,,,
2434,sin,?ъ씤,以묎퀬,,,,,,
2435,since,-?대옒,以묎퀬,,,,,,
2436,sing,?몃옒?섎떎,珥덈벑,,,,,,
2437,single,???섎굹??以묎퀬,,,,,,,
2438,sink,媛?쇱븠??以묎퀬,,,,,,,
2439,sister,?ъ옄?뺤젣,珥덈벑,,,,,,
2440,sit,?됰떎,珥덈벑,,,,,,
2441,site,遺吏,以묎퀬,,,,,,
2442,situation,?μ냼,以묎퀬,,,,,,
2443,size,?ш린,珥덈벑,,,,,,
2444,skill,?숇젴,以묎퀬,,,,,,
2445,skin,?쇰?,珥덈벑,,,,,,
2446,skip,?꾩빟,以묎퀬,,,,,,
2447,skirt,?ㅼ빱?댄듃,珥덈벑,,,,,,
2448,sky,?섎뒛,珥덈벑,,,,,,
2449,slaughter,?꾩궡,?꾨Ц,,,,,,
2450,slave,?몄삁 ?몄삁泥섎읆 ?쇳븯??以묎퀬,,,,,,,
2451,sleep,?좎옄??珥덈벑,,,,,,,
2452,slice,?뉗?議곌컖,以묎퀬,,,,,,
2453,slide,誘몃걚?ъ???以묎퀬,,,,,,,
2454,slight,?쎄컙???꾨Ц,,,,,,,
2455,slim,?몃━?몃━??以묎퀬,,,,,,,
2456,slip,(?뚭?)?대뒓??吏?섍???以묎퀬,,,,,,,
2457,slope,鍮꾪깉,?꾨Ц,,,,,,
2458,slow,?먮┛,珥덈벑,,,,,,
2459,small,?묒? ?묒? 遺遺??곴쾶,珥덈벑,,,,,,
2460,smart,?ъ튂?덈뒗,珥덈벑,,,,,,
2461,smash,諛뺤궡?대떎,以묎퀬,,,,,,
2462,smell,?꾩깉,珥덈벑,,,,,,
2463,smile,誘몄냼吏볥떎 誘몄냼,珥덈벑,,,,,,
2464,smoke,?곌린,以묎퀬,,,,,,
2465,smooth,留ㅻ걚?ъ슫,以묎퀬,,,,,,
2466,snake,諭,以묎퀬,,,,,,
2467,snap,?μ꽍 臾쇰떎,以묎퀬,,,,,,
2468,sneak,紐곕옒 ?吏곸씠???꾨Ц,,,,,,,
2469,sniff,肄붾? ?곹굙嫄곕━???꾨Ц,,,,,,,
2470,snow,???덉씠 ?대━??珥덈벑,,,,,,,
2471,so,洹몄? 媛숈씠,珥덈벑,,,,,,
2472,soak,?닿렇??以묎퀬,,,,,,,
2473,soap,鍮꾨늻 鍮꾨늻濡??삳떎,以묎퀬,,,,,,
2474,soccer,異뺢뎄,珥덈벑,,,,,,
2475,social,?ы쉶??以묎퀬,,,,,,,
2476,society,?ы쉶,以묎퀬,,,,,,
2477,sociology,?ы쉶??以묎퀬,,,,,,,
2478,sock,吏㏃? ?묐쭚,珥덈벑,,,,,,
2479,soft,遺?쒕윭??珥덈벑,,,,,,,
2480,software,?뚰봽?몄썾??以묎퀬,,,,,,,
2481,soil,??以묎퀬,,,,,,,
2482,soldier,援곗씤,以묎퀬,,,,,,
2483,sole,?좎씪??諛쒕컮???꾨Ц,,,,,,,
2484,solid,怨좎껜??以묎퀬,,,,,,,
2485,solo,?낆＜,以묎퀬,,,,,,
2486,solve,?닿껐?섎떎,以묎퀬,,,,,,
2487,some,?쇰쭔媛??珥덈벑,,,,,,,
2488,somewhat,?쎄컙,以묎퀬,,,,,,
2489,son,?꾨뱾,珥덈벑,,,,,,
2490,song,?몃옒,珥덈벑,,,,,,
2491,soon,?쇰쭏 ??媛??以묎퀬,,,,,,,
2492,sophisticated,臾쇱젙???녠퀬 ?녹?,?꾨Ц,,,,,,
2493,sore,?ы뵂,以묎퀬,,,,,,
2494,sorry,媛?얠?,珥덈벑,,,,,,
2495,sort,醫낅쪟,以묎퀬,,,,,,
2496,soul,??以묎퀬,,,,,,,
2497,sound,?뚮━,珥덈벑,,,,,,
2498,sour,?쒗겮???쒖뼱吏???쒗겮??寃?珥덈벑,,,,,,,
2499,source,?먯쿇,以묎퀬,,,,,,
2500,south,?⑥そ ?⑥そ???⑥쑝濡?珥덈벑,,,,,,,
2501,space,怨듦컙,珥덈벑,,,,,,
2502,span,??堉??꾨Ц,,,,,,,
2503,spare,?щ텇??以묎퀬,,,,,,,
2504,spark,遺덇퐙,以묎퀬,,,,,,
2505,speak,?댁빞湲고븯??珥덈벑,,,,,,,
2506,special,?밸퀎??以묎퀬,,,,,,,
2507,species,醫?以묎퀬,,,,,,,
2508,specific,?뱀젙??以묎퀬,,,,,,,
2509,spectacle,愿묎꼍,?꾨Ц,,,,,,
2510,spectrum,?ㅽ럺?몃읆,?꾨Ц,,,,,,
2511,speech,?곗꽕,以묎퀬,,,,,,
2512,speed,?띾룄,珥덈벑,,,,,,
2513,spell,泥좎옄?섎떎,以묎퀬,,,,,,
2514,spend,?뚮퉬?섎떎,以묎퀬,,,,,,
2515,sphere,援??꾨Ц,,,,,,,
2516,spill,?롮?瑜대떎,?꾨Ц,,,,,,
2517,spin,?ｋ떎,以묎퀬,,,,,,
2518,spirit,?뺤떊,以묎퀬,,,,,,
2519,spit,移⑥쓣 諭됰떎,?꾨Ц,,,,,,
2520,spite,?낆쓽,?꾨Ц,,,,,,
2521,splash,?湲곕떎,?꾨Ц,,,,,,
2522,split,履쇨컻???꾨Ц,,,,,,,
2523,spoil,留앹퀜?볥떎,以묎퀬,,,,,,
2524,spoon,?잕???珥덈벑,,,,,,,
2525,spot,?μ냼,以묎퀬,,,,,,
2526,spouse,諛곗슦???꾨Ц,,,,,,,
2527,spread,?대떎,以묎퀬,,,,,,
2528,square,?뺤궗媛곹삎??以묎퀬,,,,,,,
2529,squeeze,?뺤갑?섎떎,以묎퀬,,,,,,
2530,stable,?덉젙??以묎퀬,,,,,,,
2531,stack,?잕?由??꾨Ц,,,,,,,
2532,stage,臾대?,以묎퀬,,,,,,
2533,stain,?붾읇?덈떎,以묎퀬,,,,,,
2534,stairs,怨꾨떒,以묎퀬,,,,,,
2535,stamp,?꾩옣,以묎퀬,,,,,,
2536,stand,?쒕떎,珥덈벑,,,,,,
2537,standard,?쒖?,以묎퀬,,,,,,
2538,stare,?묒떆?섎떎,以묎퀬,,,,,,
2539,start,?쒖옉?섎떎,珥덈벑,,,,,,
2540,starve,援띠뼱 二쎈떎,?꾨Ц,,,,,,
2541,state,?곹깭,以묎퀬,,,,,,
2542,station,??以묎퀬,,,,,,,
2543,statistic,?듦퀎???듦퀎???꾨Ц,,,,,,,
2544,statue,議곗긽,以묎퀬,,,,,,
2545,status,?좊텇,以묎퀬,,,,,,
2546,stay,癒몃Т瑜대떎,珥덈벑,,,,,,
2547,steady,?뺢퀬??以묎퀬,,,,,,,
2548,steal,?붿튂??以묎퀬,,,,,,,
2549,steam,利앷린,以묎퀬,,,,,,
2550,steel,媛뺤쿋,以묎퀬,,,,,,
2551,steep,媛?뚮Ⅸ -???닿렇???좉린???닿렇湲??꾨Ц,,,,,,,
2552,stem,以꾧린,以묎퀬,,,,,,
2553,step,嫄룸떎,以묎퀬,,,,,,
2554,stick,?섎Т?좊쭑,以묎퀬,,,,,,
2555,stiff,援녹?,?꾨Ц,,,,,,
2556,still,?뚮━媛 ?녿뒗 ?꾩쭅(??,以묎퀬,,,,,,
2557,stimulate,?먭레?섎떎,?꾨Ц,,,,,,
2558,stir,?섏젗???꾨Ц,,,,,,,
2559,stitch,??諛붾뒛,?꾨Ц,,,,,,
2560,stock,以꾧린,以묎퀬,,,,,,
2561,stomach,??以묎퀬,,,,,,,
2562,stone,??珥덈벑,,,,,,,
2563,stop,硫덉텛??珥덈벑,,,,,,,
2564,store,媛寃?珥덈벑,,,,,,,
2565,storm,??뭾,以묎퀬,,,,,,
2566,story,痢?珥덈벑,,,,,,,
2567,stove,stave??怨쇨굅(遺꾩궗),以묎퀬,,,,,,
2568,straight,怨㏃?,以묎퀬,,,,,,
2569,strain,?≪븘?밴린???꾨Ц,,,,,,,
2570,strange,?댁긽??以묎퀬,,,,,,,
2571,strategy,?⑸퀝??以묎퀬,,,,,,,
2572,straw,吏?以묎퀬,,,,,,,
2573,strawberry,?멸린,珥덈벑,,,,,,
2574,stream,?쒕궡,以묎퀬,,,,,,
2575,street,嫄곕━,珥덈벑,,,,,,
2576,stress,?뺣컯,珥덈벑,,,,,,
2577,stretch,六쀬튂??以묎퀬,,,,,,,
2578,strict,?꾩쨷??以묎퀬,,,,,,,
2579,strike,移섎떎,以묎퀬,,,,,,
2580,string,??以묎퀬,,,,,,,
2581,strip,踰쀪린???꾨Ц,,,,,,,
2582,stripe,以꾨Т??以묎퀬,,,,,,,
2583,stroke,?쒕쾲移섍린,?꾨Ц,,,,,,
2584,strong,媛뺥븳,珥덈벑,,,,,,
2585,structure,援ъ“,以묎퀬,,,,,,
2586,struggle,踰꾨뫁嫄곕━??以묎퀬,,,,,,,
2587,student,?숈깮,珥덈벑,,,,,,
2588,study,?숇Ц,珥덈벑,,,,,,
2589,stuff,?щ즺,以묎퀬,,,,,,
2590,subject,蹂듭쥌?쒗궎??以묎퀬,,,,,,,
2591,subjective,二쇨????꾨Ц,,,,,,,
2592,submarine,?좎닔??以묎퀬,,,,,,,
2593,submit,蹂듭쥌?쒗궎???꾨Ц,,,,,,,
2594,subscribe,?쒕챸?밸씫?섎떎,?꾨Ц,,,,,,
2595,substance,臾쇱쭏,?꾨Ц,,,,,,
2596,substantial,?ㅼ껜???꾨Ц,,,,,,,
2597,substitute,??⑺븯????좏븯???由???,?꾨Ц,,,,,,
2598,subtle,誘몃쵖???꾨Ц,,,,,,,
2599,suburb,援먯쇅,以묎퀬,,,,,,
2600,subway,吏?섎룄,珥덈벑,,,,,,
2601,succeed,?깃났?섎떎,以묎퀬,,,,,,
2602,such,?대윭??以묎퀬,,,,,,,
2603,suck,鍮⑤떎,?꾨Ц,,,,,,
2604,sudden,蹂꾩븞媛꾩쓽,以묎퀬,,,,,,
2605,suffer,寃쏀뿕?섎떎,以묎퀬,,,,,,
2606,sufficient,異⑸텇??以묎퀬,,,,,,,
2607,sugar,?ㅽ깢,珥덈벑,,,,,,
2608,suggest,?붿떆?섎떎,以묎퀬,,,,,,
2609,suicide,?먯궡 ?먯궡?섎떎,以묎퀬,,,,,,
2610,suit,?뚯넚,以묎퀬,,,,,,
2611,suite,?섑뻾???꾨Ц,,,,,,,
2612,sum,珥앷퀎,以묎퀬,,,,,,
2613,summary,?붿빟,以묎퀬,,,,,,
2614,summit,瑗??湲?以묎퀬,,,,,,,
2615,sun,?쒖뼇,珥덈벑,,,,,,
2616,super,?꾩떆怨좎슜諛곗슦,以묎퀬,,,,,,
2617,superb,?λ젮??以묎퀬,,,,,,,
2618,superior,?곗뼱??以묎퀬,,,,,,,
2619,supervise,媛먮룆?섎떎,?꾨Ц,,,,,,
2620,supper,??곸떇??珥덈벑,,,,,,,
2621,supplement,遺濡??꾨Ц,,,,,,,
2622,supply,怨듦툒?섎떎,以묎퀬,,,,,,
2623,support,吏?깊븯??以묎퀬,,,,,,,
2624,suppose,?곸긽?섎떎,以묎퀬,,,,,,
2625,sure,"?뺤떊?섎뒗, ?뺤떎??, ?由쇱뾾??,以묎퀬,,
2626,surface,?쒕㈃,以묎퀬,,
2627,surgery,?멸낵,以묎퀬,,
2628,surprise,???以묎퀬,,
2629,surrender,?섍꺼二쇰떎,?꾨Ц,,
2630,surround,?먯썙?몃떎,以묎퀬,,
2631,survey,?섎윭蹂대떎,以묎퀬,,
2632,survive,?댁븘 ?⑤떎,以묎퀬,,
2633,suspect,吏먯옉?섎떎,以묎퀬,,
2634,suspend,留ㅻ떖???꾨Ц,,
2635,sustain,?좊컺移섎떎,?꾨Ц,,
2636,swallow,?쇳궎??以묎퀬,,
2637,swear,留뱀꽭?섎떎,?꾨Ц,,
2638,sweat,?,以묎퀬,,
2639,sweep,泥?냼?섎떎,?꾨Ц,,
2640,sweet,??以묎퀬,,
2641,swell,遺????꾨Ц,,
2642,swift,鍮좊Ⅸ,?꾨Ц,,
2643,swim,?ㅼ뾼移섎떎,珥덈벑,,
2644,swing,?붾뱾由щ떎,以묎퀬,,
2645,switch,?뚯큹由?以묎퀬,,
2646,symbol,?곸쭠,以묎퀬,,
2647,sympathy,?숈젙,以묎퀬,,
2648,symphony,援먰뼢怨?以묎퀬,,
2649,symptom,議곗쭚,以묎퀬,,
2650,system,議곗쭅,以묎퀬,,
2651,table,?뚯씠釉?珥덈벑,,
2652,tackle,怨좏뙣,以묎퀬,,
2653,tag,?먯옟?닿?二?以묎퀬,,
2654,tail,瑗щ━,珥덈벑,,
2655,take,?〓떎,珥덈벑,,
2656,tale,?댁빞湲?以묎퀬,,
2657,talent,?ъ＜,以묎퀬,,
2658,talk,留먰븯??珥덈벑,,
2659,tall,?ㅽ겙,珥덈벑,,
2660,tap,媛蹂띻쾶 移섍린,以묎퀬,,
2661,tape,?뚯씠??珥덈벑,,
2662,target,怨쇰뀅,以묎퀬,,
2663,task,??以묎퀬,,
2664,taste,留?珥덈벑,,
2665,tattoo,洹?곷굹??以묎퀬,,
2666,tax,?멸툑,以묎퀬,,
2667,tea,李?以묎퀬,,
2668,teach,媛瑜댁튂??珥덈벑,,
2669,tear,?덈Ъ,以묎퀬,,
2670,tease,愿대∼?덈떎,?꾨Ц,,
2671,teen,?ы뵒,珥덈벑,,
2672,teenage,10?,以묎퀬,,
2673,telegraph,?꾩떊,?꾨Ц,,
2674,telephone,?꾪솕,珥덈벑,,
2675,tell,留먰븯??珥덈벑,,
2676,temperature,?⑤룄,以묎퀬,,
2677,temple,愿?먮???以묎퀬,,
2678,temporary,?쇱떆?곸씤,?꾨Ц,,
2679,tempt,?좏샊?섎떎,?꾨Ц,,
2680,tenant,李⑥????꾨Ц,,
2681,tend,(-??寃쏀뼢???덈떎,以묎퀬,,
2682,tender,?쒓났,以묎퀬,,
2683,tense,?쒖젣,以묎퀬,,
2684,term,湲곌컙,以묎퀬,,
2685,terminal,醫낆젏??以묎퀬,,
2686,terminate,?앸궡???꾨Ц,,
2687,terrace,怨꾨떒紐⑥뼇????愿묒옣),?꾨Ц,,
2688,terrible,臾댁떆臾댁떆??以묎퀬,,
2689,terrific,臾댁꽌??以묎퀬,,
2690,territory,?곹넗,以묎퀬,,
2691,test,?쒗뿕,珥덈벑,,
2692,testify,利앸챸?섎떎,?꾨Ц,,
2693,text,?먮Ц,以묎퀬,,
2694,textbook,援먭낵??珥덈벑,,
2695,than,-蹂대떎??珥덈벑,,
2696,thank,媛먯궗?섎떎 媛먯궗,珥덈벑,,
2697,that,?,珥덈벑,,
2698,the,art.?,珥덈벑,,
2699,theater,=theatre 洹뱀옣,以묎퀬,theatre,
2700,theme,?쇱젣,以묎퀬,,
2701,then,洹몃븣,以묎퀬,,
2702,theory,?대줎,以묎퀬,,
2703,therapy,移섎즺踰??꾨Ц,,
2704,there,嫄곌린??珥덈벑,,
2705,therefore,洹몃윴 源뚮떗??以묎퀬,,
2706,they,洹몃뱾,珥덈벑,,
2707,thick,?먭볼??以묎퀬,,
2708,thief,?꾨몣,以묎퀬,,
2709,thin,?뉗?,以묎퀬,,
2710,thing,臾쇨굔,珥덈벑,,
2711,think,?앷컖?섎떎,珥덈벑,,
2712,thirst,媛덉쬆,珥덈벑,,
2713,this,??珥덈벑,,
2714,thorough,?꾩쟾??以묎퀬,,
2715,though,-?꾩뿉??遺덇뎄?섍퀬 洹몃윭??以묎퀬,,
2716,thousand,泥?以묎퀬,,
2717,thread,???꾨Ц,,
2718,threat,?묐컯,以묎퀬,,
2719,thrill,?ㅼ떦?섎떎 ?ㅼ떦??以묎퀬,,
2720,throat,紐?以묎퀬,,
2721,through,(-???듯븯???듯븯??吏곹넻??以묎퀬,,
2722,throw,?섏???以묎퀬,,
2723,thumb,?꾩??먭????꾩??먭??쎌쑝濡?留뚯???以묎퀬,,
2724,thus,?대젃寃?以묎퀬,,
2725,tick,?쒓퀎?뚮━,?꾨Ц,,
2726,tide,議곗닔,以묎퀬,,
2727,tidy,留먯뫁??以묎퀬,,
2728,tie,留ㅻ떎,以묎퀬,,
2729,tiger,?몃옉??珥덈벑,,
2730,tight,?⑤떒??以묎퀬,,
2731,till,-源뚯?,以묎퀬,,
2732,timber,?щぉ,?꾨Ц,,
2733,time,??珥덈벑,,
2734,tin,二쇱꽍,以묎퀬,,
2735,tiny,?먭렇留덊븳,以묎퀬,,
2736,tip,??以묎퀬,,
2737,tire,?쇰줈?섍쾶 ?섎떎,以묎퀬,tyre,
2738,tissue,議곗쭅,以묎퀬,,
2739,title,?쒖젣,以묎퀬,,
2740,to,-濡?珥덈벑,,
2741,tobacco,?대같,以묎퀬,,
2742,today,?ㅻ뒛?,珥덈벑,,
2743,toe,諛쒓???以묎퀬,,
2744,together,媛숈씠,珥덈벑,,
2745,toilet,?붿옣??以묎퀬,,
2746,tomorrow,?댁씪(?),珥덈벑,,
2747,tone,?뚯“,以묎퀬,,
2748,tongue,?,以묎퀬,,
2749,tonight,?ㅻ뒛諛ㅼ뿉 ?ㅻ뒛諛?珥덈벑,,
2750,too,(-???먰븳,珥덈벑,,
2751,tool,?ъ슜??以묎퀬,,
2752,tooth,??珥덈벑,,
2753,top,?뺤긽,珥덈벑,,
2754,torture,怨좊Ц,?꾨Ц,,
2755,toss,?섏???以묎퀬,,
2756,total,珥앷퀎 ?꾩껜???⑷퀎?섎떎,以묎퀬,,
2757,touch,?용떎,珥덈벑,,
2758,tough,?⑤떒??以묎퀬,,
2759,tour,?쇱＜,珥덈벑,,
2760,toward,-履쎌쑝濡?以묎퀬,towards,
2761,tower,??珥덈벑,,
2762,town,??珥덈벑,,
2763,toxic,?낆쓽,以묎퀬,,
2764,toy,?λ궃媛??λ궃?섎떎,珥덈벑,,
2765,trace,諛쒖옄援?以묎퀬,,
2766,trade,留ㅻℓ,以묎퀬,,
2767,tradition,?꾩꽕,以묎퀬,,
2768,traffic,援먰넻,以묎퀬,,
2769,tragic,鍮꾧레??以묎퀬,,
2770,trail,吏덉쭏 ?뚮떎,?꾨Ц,,
2771,train,湲곗감,珥덈벑,,
2772,transact,泥섎━?섎떎,?꾨Ц,,
2773,transfer,??린??以묎퀬,,
2774,transform,蹂??蹂??蹂???쒗궎??",以묎퀬,,,,,,
2775,transition,蹂泥??꾨Ц,,,,,,,
2776,translate,踰덉뿭?섎떎,以묎퀬,,,,,,
2777,transmit,蹂대궡???꾨Ц,,,,,,,
2778,transport,?섏넚(?댁넚)?섎떎,以묎퀬,,,,,,
2779,trap,??以묎퀬,,,,,,,
2780,travel,?ы뻾?섎떎,珥덈벑,,,,,,
2781,tray,?곷컲,以묎퀬,,,,,,
2782,treasure,蹂대Ъ,以묎퀬,,,,,,
2783,treat,??고븯??以묎퀬,,,,,,,
2784,treaty,議곗빟,?꾨Ц,,,,,,
2785,tree,?섎Т,珥덈벑,,,,,,
2786,tremendous,臾댁꽌???꾨Ц,,,,,,,
2787,trend,諛⑺뼢,以묎퀬,,,,,,
2788,trial,?쒗뿕,以묎퀬,,,,,,
2789,triangle,媛곹삎,珥덈벑,,,,,,
2790,tribe,醫낆”,以묎퀬,,,,,,
2791,trick,梨낅왂,以묎퀬,,,,,,
2792,trigger,諛⑹븘???щ튌瑜??꾨Ц,,,,,,,
2793,trim,?곕쑜???뺣룉?섎떎,?꾨Ц,,,,,,
2794,trip,?ы뻾,珥덈벑,,,,,,
2795,triumph,?밸━,以묎퀬,,,,,,
2796,troop,?,以묎퀬,,,,,,
2797,trophy,?꾨━??以묎퀬,,,,,,,
2798,trouble,怨좎깮,以묎퀬,,,,,,
2799,trouser,利덈큺,以묎퀬,,,,,,
2800,TRUE,吏꾩떎,珥덈벑,,,,,,
2801,trunk,以꾧린,以묎퀬,,,,,,
2802,trust,?좎슜,以묎퀬,,,,,,
2803,truth,吏꾨━,以묎퀬,,,,,,
2804,try,?쒗뿕?대낫??珥덈벑,,,,,,,
2805,tube,愿,以묎퀬,,,,,,
2806,tune,怨?以묎퀬,,,,,,,
2807,tunnel,?곕꼸,以묎퀬,,,,,,
2808,turn,?뚮━??珥덈벑,,,,,,,
2809,turnover,?꾨났,?꾨Ц,,,,,,
2810,tutor,媛?뺢탳??以묎퀬,,,,,,,
2811,twice,??踰?珥덈벑,,,,,,,
2812,twin,?띾룞??以묎퀬,,,,,,,
2813,twist,瑗ъ씠??以묎퀬,,,,,,,
2814,type,??珥덈벑,,,,,,,
2815,typical,?꾪삎?곸씤,以묎퀬,,,,,,
2816,ugly,異뷀븳,珥덈벑,,,,,,
2817,ultimate,理쒗썑??以묎퀬,,,,,,,
2818,umbrella,?곗궛,珥덈벑,,,,,,
2819,uncle,?꾩???珥덈벑,,,,,,,
2820,under,-?꾨옒??珥덈벑,,,,,,,
2821,undergo,(?곹뼢 ?깆쓣)諛쏅떎,?꾨Ц,,,,,,
2822,underlie,-??諛묒뿉 ?덈떎,?꾨Ц,,,,,,
2823,undermine,-諛묒쓣 ?뚮떎,?꾨Ц,,,,,,
2824,understand,?댄빐?섎떎,珥덈벑,,,,,,
2825,undertake,?좊㎕???꾨Ц,,,,,,,
2826,uniform,?쒓껐媛숈?,以묎퀬,,,,,,
2827,unify,?섎굹濡??섎떎,以묎퀬,,,,,,
2828,union,寃고빀,以묎퀬,,,,,,
2829,unique,?좎씪臾댁씠??以묎퀬,,,,,,,
2830,unit,?⑥쐞,以묎퀬,,,,,,
2831,unite,寃고빀?섎떎,以묎퀬,,,,,,
2832,universe,?곗＜,以묎퀬,,,,,,
2833,university,醫낇빀???援? ??숈쓽(??愿怨??덈뒗),以묎퀬,,,,,,
2834,unless,-?섏? ?딆쑝硫?以묎퀬,,,,,,,
2835,until,#NAME?,以묎퀬,,,,,,
2836,up,?꾨줈,珥덈벑,,,,,,
2837,update,?덈∼寃??섎떎 理쒖떊?뺣낫,以묎퀬,,,,,,
2838,upon,-???꾩뿉,以묎퀬,,,,,,
2839,upper,?꾩そ??以묎퀬,,,,,,,
2840,upset,?ㅼ쭛???롫떎,以묎퀬,,,,,,
2841,upward,?꾨줈 ?ν븳,以묎퀬,upwards,,,,,
2842,urban,?꾩떆??以묎퀬,,,,,,,
2843,urge,紐곗븘???以묎퀬,,,,,,,
2844,urgent,湲닿툒??以묎퀬,,,,,,,
2845,use,?곕떎,珥덈벑,,,,,,
2846,usual,?됱냼??以묎퀬,,,,,,,
2847,utilize,-???댁슜?섎떎,?꾨Ц,utilise,,,,,
2848,utter,?꾩쟻???꾨Ц,,,,,,,
2849,vacation,?닿?,以묎퀬,,,,,,
2850,vacuum,吏꾧났,以묎퀬,,,,,,
2851,vague,留됱뿰???꾨Ц,,,,,,,
2852,valid,?좏슚???꾨Ц,,,,,,,
2853,valley,怨⑥쭨湲?以묎퀬,,,,,,,
2854,value,媛移?以묎퀬,,,,,,,
2855,van,?좉컻?몃윮,以묎퀬,,,,,,
2856,vanish,?먯랬瑜?媛먯텛???꾨Ц,,,,,,,
2857,various,媛吏媛吏??以묎퀬,,,,,,,
2858,vary,諛붽씀??以묎퀬,,,,,,,
2859,vast,"愿묐??? 愿묐쭑??留됰???,以묎퀬,,
2860,vegetable,?앸Ъ  ?쇱콈", ?몄꽦洹, ?⑥깉," 梨꾩냼""",珥덈벑,,,
2861,vehicle,"?대컲 湲곌뎄, ?댁넚 ?섎떒,  ?섎젅, 李⑤웾, ?덇쾬",以묎퀬,,,,,,
2862,venture,紐⑦뿕,以묎퀬,,,,,,
2863,verbal,"留먯쓽, 留먯뿉 愿?? ?몄뼱?곸쓽, 留먮줈 ?섑??? 留먮줈 ??,?꾨Ц,,
2864,verse,?쒖쓽 ??以? ?쒓뎄  ?쇰젴???쒓뎄""",?꾨Ц,,,,,,
2865,version,"踰덉뿭, 踰덉뿭臾?媛쒖옉, 媛곸깋, 踰덉븞",以묎퀬,,,,,,
2866,versus,"???, ??뿉 ???,以묎퀬,,
2867,vertical,?섑룊硫댁뿉 吏곴컖?? ?섏쭅??",?꾨Ц,,,,,,
2868,very,留ㅼ슦,珥덈벑,,,,,,
2869,vessel,洹몃쫯,?꾨Ц,,,,,,
2870,veteran,"?몃젴媛, 寃쏀뿕 留롮? ?媛, 踰좏뀒??,?꾨Ц,,
2871,veterinarian,?섏쓽???꾨Ц,,
2872,via,??쓣 嫄곗퀜"," ??쓣 寃쎌쑀?섏뿬""",以묎퀬,,,,,
2873,vice,"?낅뜒,  鍮꾪뻾, ????됱쐞",?꾨Ц,,,,,,
2874,victim,"?ъ깮, ???쒕Ъ, ?몄떊 ?쒕Ъ",以묎퀬,,,,,,
2875,victory,"?밸━, ?꾩듅",以묎퀬,,,,,,
2876,view,"遊? 愿李? 媛쒓?, ?ㅼ? 寃利? 蹂대뒗 ?? ?쒓퀎, ?쒖빞",以묎퀬,,,,,,
2877,vigorous,"?뺣젰?곸씤, 媛뺢굔?? ?쒓린 ?덈뒗, 寃⑸젹??,?꾨Ц,,
2878,village,留덉쓣"," 珥뚮씫""",以묎퀬,,,,,
2879,violent,"寃⑸젹?? 留밸젹??,以묎퀬,,
2880,virgin,泥섎?", ?숈젙?, 誘명샎 ?ъ꽦, ?숈젙? 留덈━??,?꾨Ц,,,
2881,virtual,"?ъ떎?곸쓽, ?ㅼ쭏?곸쓽, ?ㅼ젣?? ?덉긽??,?꾨Ц,,
2882,virtue,?? ?뺥뻾"," ?? ?좏뻾""",?꾨Ц,,,,,
2883,visible,?덉뿉 蹂댁씠??  蹂????덈뒗,以묎퀬,,,,,,
2884,visit,"諛⑸Ц?섎떎, ??쓽 ?먮떂?쇰줈 臾듬떎",珥덈벑,,,,,,
2885,visual,?쒓컖?? 臾쇨굔??蹂닿린 ?꾪븳,以묎퀬,,,,,,
2886,vital,?앸챸?? ?앸챸??愿?? ?앸챸?좎????꾩슂?? ?댁븘 ?덈뒗,?꾨Ц,,,,,,
2887,vivid,"諛쒕엫?? ?쎈룞?곸씤, ?섏갔, ?앷린?덈뒗",?꾨Ц,,,,,,
2888,vocabulary,"?댄쐶, ?⑹뼱?? ?⑹뼱 踰붿쐞",以묎퀬,,,,,,
2889,vocation,"泥쒖쭅, ?щ챸 吏곸뾽, ?앹뾽, ?μ궗  ?곸꽦, ?뚯쭏, ?щ뒫",?꾨Ц,,,,,,
2890,voice,"紐⑹냼由? ?뚯꽦, ?뚯꽦",珥덈벑,,,,,,
2891,volume,梨? 沅?以묎퀬,,,,,,,
2892,voluntary,"?먮컻?곸씤, ?섏쓽??,以묎퀬,,
2893,vote,李щ? ?쒖떆", ?ы몴," ?쒓껐""",以묎퀬,,,,
2894,voyage,?ы뻾,以묎퀬,,,,,,
2895,wage,?꾧툑,以묎퀬,,,,,,
2896,wagon,吏먮쭏李??꾨Ц,,,,,,,
2897,wait,湲곕떎由щ떎,珥덈벑,,,,,,
2898,wake,?좉묠??珥덈벑,,,,,,,
2899,walk,嫄룸떎,珥덈벑,,,,,,
2900,wall,踰?珥덈벑,,,,,,,
2901,wander,?ㅻℓ???꾨Ц,,,,,,,
2902,want,寃고븤,珥덈벑,,,,,,
2903,war,?꾩웳,珥덈벑,,,,,,
2904,warehouse,李쎄퀬,?꾨Ц,,,,,,
2905,warm,?곕쑜??珥덈벑,,,,,,,
2906,warn,寃쎄퀬?섎떎,以묎퀬,,,,,,
2907,warrant,蹂댁쬆?섎떎 蹂댁쬆,?꾨Ц,,,,,,
2908,warrior,蹂묒궗,?꾨Ц,,,,,,
2909,wash,?삳떎,珥덈벑,,,,,,
2910,waste,??퉬?섎떎,以묎퀬,,,,,,
2911,watch,?먮ぉ?쒓퀎,珥덈벑,,,,,,
2912,water,臾?珥덈벑,,,,,,,
2913,watermelon,?섎컯,珥덈벑,,,,,,
2914,wave,臾쇨껐,以묎퀬,,,,,,
2915,way,湲?珥덈벑,,,,,,,
2916,we,?곕━媛,珥덈벑,,,,,,
2917,weak,?쏀븳,以묎퀬,,,,,,
2918,wealth,?ъ궛,以묎퀬,,,,,,
2919,weapon,臾닿린,以묎퀬,,,,,,
2920,wear,?낅떎,珥덈벑,,,,,,
2921,weather,?좎뵪,珥덈벑,,,,,,
2922,weave,吏쒕떎,?꾨Ц,,,,,,
2923,wedding,?쇰?,珥덈벑,,,,,,
2924,weed,?≪큹 ?≪큹瑜?戮묐떎,?꾨Ц,,,,,,
2925,week,二?珥덈벑,,,,,,,
2926,weekend,二쇰쭚 二쇰쭚??二쇰쭚??吏?대떎,珥덈벑,,,,,,
2927,weigh,臾닿쾶瑜??щ떎,以묎퀬,,,,,,
2928,weight,臾닿쾶,珥덈벑,,,,,,
2929,weird,遺덇??ъ쓽??以묎퀬,,,,,,,
2930,welcome,?섏쁺 ?섏쁺諛쏅뒗,珥덈벑,,,,,,
2931,welfare,?됰났,以묎퀬,,,,,,
2932,well,??珥덈벑,,,,,,,
2933,west,?쒖そ,珥덈벑,,,,,,
2934,wet,異뺤텞??珥덈벑,,,,,,,
2935,whale,怨좊옒,以묎퀬,,,,,,
2936,what,臾댁뾿 臾댁뒯,珥덈벑,,,,,,
2937,wheat,諛,以묎퀬,,,,,,
2938,wheel,諛뷀?以묎퀬,,,,,,,
2939,when,?몄젣,珥덈벑,,,,,,
2940,where,?대뵒??(-?섎뒗)怨녹뿉 pr.?대뵒 (臾몄젣???μ냼,珥덈벑,,,,,,
2941,whereas,cnj.(-??源뚮떗???꾨Ц,,,,,,,
2942,whether,-?몄? ?대뼡吏,以묎퀬,,,,,,
2943,which,?대뒓 履?以묎퀬,,,,,,,
2944,while,?숈븞 -?섎뒗 ?숈븞,以묎퀬,,,,,,
2945,whip,梨꾩컢 梨꾩컢吏덊븯???꾨Ц,,,,,,,
2946,whisper,?띿궘?대떎,以묎퀬,,,,,,
2947,whistle,?섑뙆??以묎퀬,,,,,,,
2948,white,??珥덈벑,,,,,,,
2949,who,?꾧뎄,珥덈벑,,,,,,
2950,whole,?꾩껜??以묎퀬,,,,,,,
2951,why,??珥덈벑,,,,,,,
2952,wicked,?ъ븙???꾨Ц,,,,,,,
2953,wide,??꼻?,以묎퀬,,,,,,
2954,widespread,?먮━ 蹂닿툒?섏뼱 ?덈뒗,以묎퀬,,,,,,
2955,widow,誘몃쭩???꾨Ц,,,,,,,
2956,wife,?꾨궡,珥덈벑,,,,,,
2957,wild,?쇱깮??以묎퀬,,,,,,,
2958,will,?섏?,珥덈벑,,,,,,
2959,win,?닿린??珥덈벑,,,,,,,
2960,wind,諛붾엺,珥덈벑,,,,,,
2961,window,李?珥덈벑,,,,,,,
2962,wing,?좉컻,以묎퀬,,,,,,
2963,wipe,??떎,以묎퀬,,,,,,
2964,wire,泥좎궗,以묎퀬,,,,,,
2965,wise,?ш린濡쒖슫,以묎퀬,,,,,,
2966,wish,諛붾씪??珥덈벑,,,,,,,
2967,wit,湲곗?,以묎퀬,,,,,,
2968,with,?④퍡,珥덈벑,,,,,,
2969,withdraw,臾쇰윭?섎떎,?꾨Ц,,,,,,
2970,within,prop.-???덉そ???덉쑝濡??대?,以묎퀬,,,,,,
2971,without,prop.-?놁씠 諛뽰?,以묎퀬,,,,,,
2972,witness,利앹뼵,以묎퀬,,,,,,
2973,woman,遺??珥덈벑,,,,,,,
2974,wonder,寃쎌씠,以묎퀬,,,,,,
2975,wood,??珥덈벑,,,,,,,
2976,wool,?묐え,以묎퀬,,,,,,
2977,word,?깅쭚,珥덈벑,,,,,,
2978,work,??珥덈벑,,,,,,,
2979,world,?멸퀎,珥덈벑,,,,,,
2980,worry,洹쇱떖?섎떎,珥덈벑,,,,,,
2981,worship,??같,以묎퀬,,,,,,
2982,worth,媛移섍? ?덈뒗 媛移?以묎퀬,,,,,,,
2983,would,auwill??怨쇨굅,以묎퀬,,,,,,
2984,wound,遺??以묎퀬,,,,,,,
2985,wrap,?몃떎,以묎퀬,,,,,,
2986,wreck,?쒗뙆,?꾨Ц,,,,,,
2987,write,?곕떎,珥덈벑,,,,,,
2988,wrong,?섏걶,珥덈벑,,,,,,
2989,year,??珥덈벑,,,,,,,
2990,yell,怨좏븿移섎떎,以묎퀬,,,,,,
2991,yellow,?⑹깋???⑹깋,珥덈벑,,,,,,
2992,yes,??珥덈벑,yeah,yep,,,,,
2993,yesterday,?댁젣,珥덈벑,,,,,,
2994,yet,?꾩쭅,以묎퀬,,,,,,
2995,yield,?곗텧?섎떎,?꾨Ц,,,,,,
2996,you,?뱀떊,珥덈벑,,,,,,
2997,young,?딆?,珥덈벑,,,,,,
2998,zebra,?쇰）留?珥덈벑,,,,,,,
2999,zone,?,以묎퀬,,,,,,
3000,zoo,?숇Ъ??珥덈벑,,,,,,,